GRB,BAT RA (J2000),BAT Dec (J2000),BAT T90 [sec],BAT Fluence (15-150 keV) [10^-7 erg/cm^2],BAT 1-sec Peak Photon Flux (15-150 keV) [ph/cm^2/sec],XRT Time to First Observation [sec],XRT Early Flux (0.3-10 keV) [10^-11 erg/cm^2/s],XRT 11 Hour Flux (0.3-10 keV) [10^-11 erg/cm^2/s],XRT 24 Hour Flux (0.3-10 keV) [10^-11 erg/cm^2/s],XRT Spectral Index (Gamma),XRT Column Density (NH) [10^21 cm^-2],UVOT Time to First Observation [sec],Redshift,log(BAT T90 [sec]),log(BAT Fluence (15-150 keV) [10^-7 erg/cm^2]),log(BAT 1-sec Peak Photon Flux (15-150 keV) [ph/cm^2/sec]),log(XRT Time to First Observation [sec]),log(XRT Early Flux (0.3-10 keV) [10^-11 erg/cm^2/s]),log(XRT 11 Hour Flux (0.3-10 keV) [10^-11 erg/cm^2/s]),log(XRT 24 Hour Flux (0.3-10 keV) [10^-11 erg/cm^2/s]),log(XRT Spectral Index (Gamma)),log(XRT Column Density (NH) [10^21 cm^-2]),log(UVOT Time to First Observation [sec]),log(Redshift),NORM(BAT T90 [sec]),NORM(BAT Fluence (15-150 keV) [10^-7 erg/cm^2]),NORM(BAT 1-sec Peak Photon Flux (15-150 keV) [ph/cm^2/sec]),NORM(XRT Time to First Observation [sec]),NORM(XRT Early Flux (0.3-10 keV) [10^-11 erg/cm^2/s]),NORM(XRT 11 Hour Flux (0.3-10 keV) [10^-11 erg/cm^2/s]),NORM(XRT 24 Hour Flux (0.3-10 keV) [10^-11 erg/cm^2/s]),NORM(XRT Spectral Index (Gamma)),NORM(XRT Column Density (NH) [10^21 cm^-2]),NORM(UVOT Time to First Observation [sec]),NORM(Redshift)
221110A,29.106,-27.298,8.98,5.1,1.1,53.05,79.1,0.071888206,0.034150506,1.88143,8.36907,83,4.06,0.953276337,0.707570176,0.041392685,1.724685388,1.898176483,-1.143342354,-1.466602857,0.274488065,21.9226772,1.919078092,0.608526034,0.007980142,0.001548537,0.003323263,0.002827376,1.29E-12,0.007312757,0.010257637,0.269644468,0.109189792,0.007708986,0.674671317
220117A,91.59,-28.402,49.81,16,1.9,151.94,60.1,0.051037596,0.011478556,1.78537,9.89303,162,4.961,1.697316542,1.204119983,0.278753601,2.181672122,1.778874472,-1.29210979,-1.940112743,0.251728233,21.99532933,2.209515015,0.695569227,0.045518066,0.005065006,0.005740181,0.03331802,9.80E-13,0.005191749,0.003447763,0.207288495,0.129072632,0.026740544,0.82576469
220101A,1.36,31.758,173.36,250,7.3,80.78,1300,2.37212832,0.89096592,1.62241,8.01125,90,4.61,2.238948898,2.397940009,0.86332286,1.907303849,3.113943352,0.375138178,-0.050138908,0.210160615,21.90370028,1.954242509,0.663700925,0.159106371,0.080556183,0.022054381,0.011377336,2.12E-11,0.241302426,0.267615518,0.101505346,0.104521377,0.009395326,0.766903676
210822A,304.461,5.265,180.8,200,27.7,74.56,1250,0.72733342,0.182436529,1.70788,3.41368,85,1.736,2.257198426,2.301029996,1.442479769,1.872505899,3.096910013,-0.138266457,-0.738888199,0.232457353,21.53322281,1.929418926,0.239549721,0.165946493,0.06442559,0.083685801,0.00945953,2.04E-11,0.073987278,0.054797658,0.156986972,0.044537686,0.008190797,0.284947679
210731A,300.311,-28.056,22.51,22,1.6,200.92,79.6,0.1571493,0.04720947,2.06317,0.832807,210,1.2525,1.352375495,1.342422681,0.204119983,2.303023169,1.900913068,-0.803687549,-1.325970875,0.314535014,20.92054437,2.322219295,0.097777735,0.020419233,0.007000677,0.004833837,0.048419969,1.30E-12,0.015985858,0.014180101,0.387618386,0.010865487,0.038304023,0.203867051
210722A,27.031,-6.347,50.2,25,2.2,84.84,290,0.11491585,0.0367262,1.83712,0.347208,94,1.145,1.700703717,1.397940009,0.342422681,1.92860066,2.462397998,-0.939620066,-1.435024005,0.264137525,20.54058972,1.973127854,0.058805487,0.04587662,0.007968513,0.006646526,0.012629151,4.74E-12,0.011689702,0.011031287,0.240881267,0.004529962,0.01035895,0.185839818
210619B,319.718,33.85,60.9,950,115,328.05,427,2.03384822,0.6357626,1.92306,6.82815,136,1.937,1.784617293,2.977723605,2.06069784,2.515940042,2.630427875,0.30831854,-0.196705024,0.283992835,21.83430305,2.133538908,0.287129621,0.055713892,0.306384489,0.347432024,0.08761782,6.98E-12,0.206891214,0.190961218,0.296667987,0.089085679,0.020476993,0.318654414
210610B,243.929,14.398,69.38,360,13.5,83.92,1070,0.6971404,0.262520555,1.91684,1.09095,92,1.13,1.841234296,2.556302501,1.130333768,1.923865475,3.029383778,-0.156679749,-0.580836686,0.282585864,21.03780485,1.963787827,0.053078443,0.063510159,0.116043488,0.040785498,0.012345489,1.75E-11,0.070915923,0.078852145,0.292630363,0.014233434,0.009877138,0.18332439
201024A,125.959,3.357,5,8.1,3.7,74.89,64.1,0.040878928,0.019114152,2.07522,1.698663,495,0.999,0.698970004,0.908485019,0.568201724,1.874423831,1.80685803,-1.388500502,-1.718644965,0.317064144,21.23010723,2.694605199,-0.000434512,0.004321044,0.002516373,0.011178248,0.009561279,1.05E-12,0.004158369,0.005741234,0.395440471,0.022162159,0.106962178,0.161356319
200829A,251.136,72.363,13.04,510,98.7,128.71,930,0.94375869,0.25233178,1.88219,1.22933,138,1.25,1.115277591,2.707570176,1.994317153,2.10961229,2.968482949,-0.025139036,-0.598028049,0.274663462,21.08966848,2.139879086,0.096910013,0.011712788,0.164435268,0.298187311,0.02615554,1.52E-11,0.096002927,0.075791788,0.270137812,0.016038853,0.020958805,0.203447813
200205B,107.76,-56.488,458,54,2,342.71,126,0.1026214,0.058989,1.90881,5.74E-05,352,1.465,2.660865478,1.73239376,0.301029996,2.534926777,2.100370545,-0.988762065,-1.229228966,0.280762702,16.75891189,2.546542663,0.165837625,0.420796175,0.017324257,0.006042296,0.092137922,2.06E-12,0.010439061,0.017718267,0.287417803,7.49E-07,0.072512648,0.239502281
191221B,154.831,-38.152,48,190,4.8,86.25,972,0.69073754,0.164183983,1.843,2.13E-05,92,1.19,1.681241237,2.278753601,0.681241237,1.935759104,2.987666265,-0.16068694,-0.784669213,0.265525335,16.3283796,1.963787827,0.075546961,0.043854004,0.061199471,0.014501511,0.013063895,1.59E-11,0.070264598,0.049315221,0.244698184,2.78E-07,0.009877138,0.193386101
191004B,49.2,-39.637,37.7,25,5,57.66,181,0.094501791,0.040924213,1.54076,0.200376,69,3.503,1.57634135,1.397940009,0.698970004,1.760874638,2.257678575,-1.024559961,-1.388019664,0.187734995,20.3018457,1.838849091,0.544440137,0.034384481,0.007968513,0.01510574,0.004248772,2.96E-12,0.009613102,0.012292226,0.048503418,0.002614271,0.004336305,0.581265093
190829A,44.542,-8.958,58.2,64,18,97.31,77.5,2.31421665,0.80497387,2.0913,11.196957,106,0.0785,1.764922985,1.806179974,1.255272505,1.988157473,1.889301703,0.364404014,-0.094218217,0.320416337,22.04910001,2.025305865,-1.105130343,0.05323159,0.020550376,0.054380665,0.016474012,1.26E-12,0.235411418,0.241786463,0.405878573,0.146084739,0.013249819,0.00699289
190719C,240.208,13.005,185.7,51,5.5,60.93,1690,0.81842736,0.63357744,1.5415,0.899137,71,2.469,2.268811904,1.707570176,0.740362689,1.784831178,3.227886705,-0.087019861,-0.198200295,0.187943529,20.95382587,1.851258349,0.39252109,0.170451411,0.016356422,0.016616314,0.005257008,2.76E-11,0.08325372,0.190304871,0.048983778,0.011730883,0.004818116,0.407868259
190627A,244.843,-5.302,1.6,0.99,1.1,109.76,79.8,0.46849824,0.36224076,1.95997,1.807500377,115,1.942,0.204119983,-0.004364805,0.041392685,2.040444098,1.902002891,-0.329292036,-0.441002684,0.292249424,21.2570784,2.06069784,0.288249226,0.001195182,0.000222602,0.003323263,0.020312707,1.30E-12,0.047657524,0.108804665,0.320627584,0.023582141,0.015417972,0.31949289
190114C,54.503,-26.938,361.5,830,101,63.95,7390,1.11783672,0.504969444,1.80689,76.647,74,0.42,2.558108302,2.919078092,2.004321374,1.805840549,3.868644438,0.048378372,-0.296734901,0.256931714,22.88449516,1.86923172,-0.37675071,0.332076859,0.267671065,0.305135952,0.006188161,1.21E-10,0.113710843,0.151675453,0.221257895,1,0.005540834,0.0642608
190114A,65.543,2.196,66.6,8,0.5,246.63,118,0.121858278,0.049489995,1.83214,4.41327,258,3.765,1.823474229,0.903089987,-0.301029996,2.392045903,2.071882007,-0.914144963,-1.30548259,0.262958657,21.6447605,2.411619706,0.575764981,0.060954307,0.002484111,0.001510574,0.062513682,1.93E-12,0.012395914,0.014865092,0.237648571,0.057579162,0.049867502,0.625201234
190106A,29.877,23.839,76.8,60,5.5,81.79,1980,0.736701,0.32045405,1.94587,5.53E-07,90,1.86,1.88536122,1.77815125,0.740362689,1.912700208,3.29666519,-0.132708741,-0.494234235,0.289113822,14.74272513,1.954242509,0.269512944,0.070331893,0.019259928,0.016616314,0.011688748,3.24E-11,0.074940186,0.096253375,0.311474771,7.21E-09,0.009395326,0.305741884
181110A,302.33,-36.878,138.4,99,3.7,63.99,5820,0.060183332,0.014063933,1.76057,0.766177067,72,1.505,2.14113609,1.995635195,0.568201724,1.80611211,3.764922985,-1.220523772,-1.851893211,0.245653297,20.88432915,1.857332496,0.1775365,0.126965156,0.031841791,0.011178248,0.006200494,9.51E-11,0.00612209,0.004224322,0.191189931,0.009996178,0.005059022,0.246210089
181020A,13.987,-47.372,238,81,7.7,55.57,604,0.35862288,0.060276048,1.93674,0.453975,122,2.938,2.376576957,1.908485019,0.886490725,1.744840397,2.781036939,-0.445362006,-1.21985523,0.287071322,20.65703194,2.086359831,0.468051791,0.218534522,0.026034778,0.02326284,0.003604365,9.87E-12,0.036480561,0.018104852,0.305548163,0.005922932,0.017104312,0.486517306
180728A,253.574,-54.037,8.68,296,132,1730.81,79.2,3.4480866,1.48441485,1.70111,3.866656,1740,0.117,0.938519725,2.471291711,2.120573931,3.238249396,1.898725182,0.537578165,0.17155529,0.230732398,21.58733554,3.240549248,-0.931814138,0.00770433,0.095396329,0.398791541,0.520129251,1.29E-12,0.350753226,0.445867165,0.152592323,0.050447584,0.406889906,0.013449155
180624A,318.096,-2.356,486.4,58,1.4,112.24,193,0.056534112,0.024646842,2.06008,1.26899,118,2.855,2.686993566,1.763427994,0.146128036,2.050147658,2.285557309,-1.247689425,-1.608238719,0.313884086,21.1034582,2.071882007,0.455606113,0.446906316,0.018614705,0.004229607,0.021077363,3.15E-12,0.005750877,0.007403064,0.385612557,0.016556291,0.016140689,0.472598605
180620B,357.514,-57.954,198.8,100,3.6,83.16,704,0.59865612,0.338653036,1.99236,1.646011,91,1.1175,2.29841638,2,0.556302501,1.919914481,2.847572659,-0.222822573,-0.470245027,0.299367814,21.21643273,1.959041392,0.048247532,0.182495173,0.032164403,0.010876133,0.012111159,1.15E-11,0.060897706,0.101719724,0.341653089,0.021475218,0.009636232,0.1812282
180329B,82.905,-23.694,210,33,1.4,103.59,45.7,0.0758394,0.02386783,1.86768,2.62957,113,1.998,2.322219295,1.51851394,0.146128036,2.015317833,1.6599162,-1.120105112,-1.622187064,0.271302468,21.41988474,2.053078443,0.300595484,0.19279213,0.010549408,0.004229607,0.018410318,7.45E-13,0.007714689,0.007169075,0.260718853,0.03430754,0.01493616,0.328883821
180325A,157.416,24.461,94.1,65,9.4,73.38,468,0.122512254,0.025605485,1.85846,13.9058,82,2.25,1.973589623,1.812913357,0.973127854,1.865577707,2.670245853,-0.91182047,-1.591666994,0.269153218,22.14319598,1.913813852,0.352182518,0.086237014,0.020872988,0.028398792,0.009095702,7.65E-12,0.012462439,0.007691007,0.254733822,0.18142654,0.00746808,0.37114301
180314A,99.208,-24.53,51.2,110,7.9,159.29,158,0.115483805,0.055489547,1.76908,7.38E-13,167,1.445,1.709269961,2.041392685,0.897627091,2.202188512,2.198657087,-0.937478915,-1.255788821,0.247747473,8.868056362,2.222716471,0.159867847,0.046795992,0.035390522,0.023867069,0.035584237,2.58E-12,0.011747477,0.016667151,0.196714075,0,0.027945073,0.236148377
180115A,12.04,-15.632,40.9,7.6,0.6,131.07,35.7,0.0634289,0.023520684,1.9512,0.411125,140,2.487,1.611723308,0.880813592,-0.22184875,2.117503299,1.552668216,-1.19771282,-1.628550053,0.290301787,20.61397389,2.146128036,0.395675785,0.037326469,0.002355067,0.001812689,0.026883196,5.82E-13,0.006452243,0.007064804,0.314934664,0.005363876,0.021440617,0.410886772
171222A,148.273,35.624,174.8,19,0.7,169.7,669,0.06646176,0.05870592,1.99001,0.106857003,176,2.409,2.242541428,1.278753601,-0.15490196,2.229681842,2.825426118,-1.177428162,-1.231318102,0.298855259,20.02880299,2.245512668,0.3818368,0.160430266,0.006032842,0.002114804,0.038793941,1.09E-11,0.006760757,0.017633239,0.34012762,0.001394145,0.030113226,0.397806547
171205A,167.423,-12.599,189.4,36,1,144.69,281,0.079512352,0.08806688,1.66173,0.0472535,154,0.0368,2.277379975,1.556302501,0,2.160438517,2.44870632,-1.0995654,-1.055187389,0.22056046,19.67443398,2.187520721,-1.434152181,0.173853084,0.011517244,0.003021148,0.031082635,4.59E-12,0.008088316,0.026452262,0.12702936,0.000616508,0.024813298,0
170705A,191.708,18.298,217.3,95,13.9,72.29,157,0.91321862,0.58773934,1.89159,1.227214,82,2.01,2.337059726,1.977723605,1.1430148,1.859078225,2.195899652,-0.039425242,-0.230815239,0.276827009,21.0889203,1.913813852,0.303196057,0.19950354,0.030551344,0.041993958,0.008759624,2.56E-12,0.092896268,0.176536682,0.276239687,0.016011246,0.00746808,0.330896163
170531B,286.901,-16.414,164.13,20,0.8,140.9,273,0.03914964,0.02130491,2.06685,4.31E-12,152,2.366,2.215187969,1.301029996,-0.096910013,2.148910993,2.436162647,-1.407272227,-1.671520296,0.315308959,9.63447727,2.181843588,0.37401474,0.150620576,0.006355454,0.002416918,0.029914069,4.46E-12,0.003982459,0.006399262,0.390007205,4.66E-14,0.024331486,0.390595653
170519A,163.429,25.374,216.4,11,0.7,80.4,358,0.16940942,0.07332882,1.97351,2.18739,93,0.818,2.335257256,1.041392685,-0.15490196,1.905256049,2.553883027,-0.771062444,-1.134725304,0.295239331,21.33992622,1.968482949,-0.087246696,0.198676106,0.003451947,0.002114804,0.011260171,5.85E-12,0.017233007,0.022025455,0.329416881,0.028538495,0.010118044,0.131003488
170202A,152.526,5.021,46.2,33,4.7,72.49,221,0.12777926,0.052771292,1.99768,5.19173,84,3.645,1.664641976,1.51851394,0.672097858,1.8602781,2.344392274,-0.893539631,-1.277602273,0.300525922,21.7153121,1.924279286,0.561697533,0.042199136,0.010549408,0.014199396,0.008821289,3.61E-12,0.01299822,0.015850681,0.345106491,0.067735593,0.007949892,0.605077811
170113A,61.735,-71.933,20.66,6.7,1.1,58.73,101,0.26535483,0.10533042,1.81917,2.77299,68,1.968,1.315130317,0.826074803,0.041392685,1.768860001,2.004321374,-0.576173003,-0.977446184,0.259873285,21.4429483,1.832508913,0.294025094,0.018718397,0.002064716,0.003323263,0.004578684,1.65E-12,0.02699296,0.031637635,0.229229281,0.036178715,0.004095399,0.323852965
161117A,322.053,-29.612,125.7,200,6.8,60.83,804,0.30637215,0.12784345,1.92624,7.53995,69,1.549,2.099335278,2.301029996,0.832508913,1.784117816,2.905256049,-0.513750716,-0.893321518,0.284710397,21.87736847,1.838849091,0.190051418,0.115289142,0.06442559,0.020543807,0.005226175,1.31E-11,0.031165406,0.038399775,0.298732238,0.098372409,0.004336305,0.253588677
161108A,180.776,24.905,105.1,11,0.6,80.33,863,0.10517084,0.0539835,2.00325,1.447928,90,1.159,2.021602716,1.041392685,-0.22184875,1.904877767,2.936010796,-0.978104657,-1.267738962,0.301735151,21.16074697,1.954242509,0.064083436,0.096350097,0.003451947,0.001812689,0.011238588,1.41E-11,0.0106984,0.016214787,0.348722176,0.018890863,0.009395326,0.18818755
161017A,142.77,43.125,216.3,53,2.8,57.66,324,0.206721424,0.073743474,1.99404,1.58757,68,2.0127,2.335056519,1.72427587,0.447158031,1.760874638,2.51054501,-0.684614512,-1.132276407,0.299733866,21.20073288,1.832508913,0.303779047,0.198584168,0.017001645,0.008459215,0.004248772,5.29E-12,0.021028534,0.022150003,0.342743637,0.020712748,0.004095399,0.33134894
160410A,150.695,3.461,8.2,7.8,3.5,82.89,104,0.02677376,0.008810291,1.65672,1.33E-11,91,1.717,0.913813852,0.892094603,0.544068044,1.91850214,2.017033339,-1.572290634,-2.055009747,0.219249115,10.12385164,1.959041392,0.234770295,0.007263032,0.002419589,0.010574018,0.01202791,1.70E-12,0.002723534,0.002646308,0.123777191,1.64E-13,0.009636232,0.28176147
160327A,146.698,54.018,28,14,1.8,60.5,101,0.024402973,0.007790002,1.93554,0.532793,71,4.99,1.447158031,1.146128036,0.255272505,1.781755375,2.004321374,-1.612557261,-2.108462431,0.286802151,20.72655851,1.851258349,0.698100546,0.025466581,0.004419783,0.005438066,0.005124426,1.65E-12,0.002482368,0.002339849,0.3047692,0.006951257,0.004818116,0.830627851
160227A,195.034,78.672,316.5,31,0.6,151.85,267,0.4306198,0.281294937,1.72551,2.62964,161,2.38,2.500373714,1.491361694,-0.22184875,2.181414796,2.426511261,-0.365906005,-0.550838085,0.236917481,21.4198963,2.206825876,0.376576957,0.290705158,0.009904184,0.001812689,0.03329027,4.36E-12,0.043804377,0.084491324,0.168431234,0.034308453,0.026499639,0.392943386
160131A,78.17,-7.037,325,204,6.4,69.68,1290,0.40383488,0.166460087,2.02332,4.79697,78,0.97,2.511883361,2.309630167,0.806179974,1.843108142,3.11058971,-0.393796173,-0.778689883,0.306064574,21.680967,1.892094603,-0.013228266,0.298519812,0.065716037,0.019335347,0.007954885,2.11E-11,0.041079707,0.049998885,0.361750329,0.062585228,0.006504457,0.156493158
151111A,56.85,-44.154,76.93,17,1,72.48,185,0.024124529,0.01109611,1.78024,0.606749,81,3.5,1.886095732,1.230448921,0,1.860218185,2.267171728,-1.617541157,-1.954829247,0.250478555,20.78300907,1.908485019,0.544068044,0.070451411,0.005387618,0.003021148,0.008818206,3.02E-12,0.002454044,0.00333289,0.203958429,0.007916148,0.007227174,0.580762007
151027A,272.498,61.361,129.69,78,6.8,87,708,0.74271162,0.186820095,2.00612,4.47471,96,0.38,2.11290649,1.892094603,0.832508913,1.939519253,2.850033258,-0.129179781,-0.728576411,0.302356908,21.65076489,1.982271233,-0.420216403,0.118957433,0.025066942,0.020543807,0.013295142,1.16E-11,0.075551611,0.056114331,0.350585196,0.058380759,0.010840761,0.057552992
151021A,337.647,-33.189,110.2,280,9.7,90.71,2760,0.181048755,0.06177846,1.96079,21.701,99,2.33,2.042181595,2.447158031,0.986771734,1.957655167,3.440909082,-0.742204457,-1.209162922,0.292431083,22.33647975,1.995635195,0.367355921,0.101038889,0.090234539,0.029305136,0.014439042,4.51E-11,0.018417007,0.018556125,0.321159876,0.283129151,0.011563479,0.384558626
150910A,5.677,33.466,112.2,48,1.1,145.3,223,0.19873107,0.028924454,1.78547,0.6957,154,1.359,2.049992857,1.681241237,0.041392685,2.162265614,2.348304863,-0.701734229,-1.53873483,0.251752557,20.842422,2.187520721,0.133219457,0.102877632,0.015388586,0.003323263,0.031270716,3.64E-12,0.020215723,0.008687911,0.207353409,0.009076676,0.024813298,0.22172659
150818A,230.34,68.342,123.3,41,2.4,84.45,1590,0.04607164,0.026688716,1.9776,0.886699,94,0.282,2.090963077,1.612783857,0.380211242,1.926599654,3.201397124,-1.336566328,-1.57367232,0.296138453,20.94777622,1.973127854,-0.549750892,0.113082651,0.013130303,0.007250755,0.012508903,2.60E-11,0.004686592,0.008016372,0.332071846,0.011568607,0.01035895,0.041118862
150727A,203.968,-18.32,88,37,1,77.18,893,0.026426807,0.015279994,1.79253,1.08E-09,86,0.313,1.944482672,1.568201724,0,1.887504774,2.950851459,-1.577955307,-1.815876816,0.253466433,12.03342376,1.934498451,-0.504455662,0.08062885,0.011839855,0.003021148,0.010267352,1.46E-11,0.002688241,0.004589585,0.211936307,1.41E-11,0.008431703,0.046317413
150403A,311.505,-62.706,40.9,170,17.6,74.7,634,2.27477208,0.80599512,1.70996,6.17159,85,2.06,1.611723308,2.230448921,1.245512668,1.873320602,2.802089258,0.356937889,-0.093667588,0.232985951,21.79039707,1.929418926,0.31386722,0.037326469,0.054747234,0.053172205,0.009502696,1.04E-11,0.231398958,0.242093212,0.158337174,0.080519655,0.008190797,0.339280923
150323A,128.173,45.442,149.6,61,5.4,146.55,3250,0.054075606,0.022349844,2.0639,4.92829,156,0.593,2.174931594,1.785329835,0.73239376,2.165985823,3.511883361,-1.266998605,-1.650725504,0.314688651,21.69269626,2.193124598,-0.226945307,0.137262113,0.01958254,0.016314199,0.031656127,5.31E-11,0.005500788,0.006713124,0.388092255,0.064298537,0.02529511,0.093272069
150314A,126.661,63.839,14.79,220,38.5,85.12,585,0.28227264,0.08629803,1.84772,10.4028,95,1.758,1.169968174,2.342422681,1.58546073,1.930031615,2.767155866,-0.549331215,-1.063999118,0.26663616,22.01715025,1.977723605,0.245018871,0.013321688,0.070877827,0.116314199,0.012715483,9.56E-12,0.028713907,0.02592096,0.247762105,0.135723512,0.010599855,0.288636973
150206A,10.076,-63.181,83.2,139,10.1,474.54,235,0.82151982,0.319388817,1.82177,9.36766,483,2.087,1.920123326,2.1430148,1.004321374,2.676272826,2.371067862,-0.085381954,-0.495680294,0.260493546,21.97163112,2.683947131,0.319522449,0.076215868,0.044746266,0.030513595,0.132784919,3.84E-12,0.083568298,0.095933415,0.230917034,0.122218221,0.104071308,0.343808693
141220A,195.058,32.146,7.21,26,8.9,99.16,37.6,0.027381924,0.00939023,1.80565,3.06016,105,1.3195,0.857935265,1.414973348,0.949390007,1.996336518,1.575187845,-1.562536039,-2.02732377,0.256633572,21.48574413,2.021189299,0.120409395,0.006352855,0.008291125,0.026888218,0.017044421,6.13E-13,0.002785399,0.002820502,0.220452967,0.039925372,0.013008914,0.215102629
141121A,122.665,22.206,549.9,53,0.9,362.43,607,0.131181966,0.083225016,1.93447,3.94373,371,1.47,2.74028372,1.72427587,-0.045757491,2.559224139,2.783188691,-0.882125865,-1.079746113,0.286561999,21.59590717,2.56937391,0.167317335,0.505286384,0.017001645,0.002719033,0.098218167,9.92E-12,0.013344357,0.024997932,0.304074625,0.051453155,0.077089858,0.240340757
141109A,144.563,-0.581,200,68,2.5,129.18,1180,0.30204002,0.11431446,1.95256,13.4825,139,2.993,2.301029996,1.832508913,0.397940009,2.11119528,3.071882007,-0.51993551,-0.941898831,0.290604388,22.12977043,2.1430148,0.476106717,0.183598419,0.021840823,0.00755287,0.026300454,1.93E-11,0.030724725,0.034336132,0.315817489,0.175903819,0.021199711,0.495740542
141026A,44.049,26.925,146,13,0.4,157,1580,0.079325428,0.049305888,1.91933,2.84836,165,3.35,2.164352856,1.113943352,-0.397940009,2.195899652,3.198657087,-1.100587576,-1.307101215,0.283149652,21.45459488,2.217483944,0.525044807,0.133952377,0.004097171,0.001208459,0.034878164,2.58E-11,0.008069301,0.014809793,0.294246711,0.037162055,0.027463262,0.555607727
140907A,48.133,46.596,79.2,43,2.5,83.59,54.6,0.13477992,0.06075402,2.00735,3.02766,107,1.21,1.898725182,1.633468456,0.397940009,1.922154325,1.737192643,-0.870374806,-1.21642498,0.302623102,21.4811071,2.029383778,0.08278537,0.072538384,0.013775527,0.00755287,0.01224374,8.91E-13,0.013710355,0.018248418,0.351383633,0.03950135,0.013490725,0.196740005
140903A,238.021,27.608,0.3,1.4,2.5,59,10,0.124650474,0.049621749,1.63218,1.198516,76,0.351,-0.522878745,0.146128036,0.397940009,1.770852012,1,-0.904306066,-1.304327932,0.212768052,21.07864384,1.880813592,-0.454692884,0,0.000354873,0.00755287,0.004661933,1.62E-13,0.012679947,0.014904667,0.107847401,0.015636829,0.006022645,0.052689831
140703A,13.01,45.102,67.1,39,2.8,112.82,1120,0.27815316,0.019339226,1.82756,7.41044,123,3.14,1.82672252,1.591064607,0.447158031,2.052386095,3.049218023,-0.555716002,-1.713560911,0.261871644,21.869844,2.089905111,0.496929648,0.061413993,0.012485079,0.008459215,0.021256194,1.83E-11,0.028294857,0.005808838,0.23467553,0.096682714,0.017345218,0.520391736
140629A,249.017,41.897,42,24,4.2,94.25,60.8,0.05643627,0.008454501,1.95996,5.52967,101,2.275,1.62324929,1.380211242,0.62324929,1.974281359,1.783903579,-1.248441697,-2.07291202,0.292247208,21.74269921,2.004321374,0.356981401,0.038337777,0.007645901,0.012688822,0.015530526,9.92E-13,0.005740924,0.002539441,0.320621093,0.072144637,0.01204529,0.37533539
140518A,227.231,42.396,60.5,10,1,69,367,0.02263924,0.006953646,1.93772,28.9394,77,4.707,1.781755375,1,0,1.838849091,2.564666064,-1.645138157,-2.157787422,0.287291022,22.46148952,1.886490725,0.672744198,0.055346143,0.003129335,0.003021148,0.007745222,6.00E-12,0.002302954,0.002088636,0.306184316,0.377567289,0.006263551,0.78317011
140512A,289.366,-15.087,154.8,140,6.8,98.38,2970,1.027104,0.27430845,1.84304,2.129332,106,0.725,2.189770956,2.146128036,0.832508913,1.992906818,3.472756449,0.011614421,-0.561760814,0.265534761,21.32824338,2.025305865,-0.139661993,0.142042843,0.045068878,0.020543807,0.016803924,4.85E-11,0.104481146,0.082392824,0.24472415,0.027781022,0.013249819,0.115407835
140506A,276.806,-55.556,111.1,28,10.9,97.9,1010,0.4737096,0.2242464,1.74751,6.57119,108,0.889,2.045714059,1.447158031,1.037426498,1.990782692,3.004321374,-0.324487814,-0.64927452,0.24241967,21.81764402,2.033423755,-0.051098239,0.101866323,0.008936349,0.032930514,0.016655927,1.65E-11,0.048187644,0.067355906,0.182712219,0.085733166,0.013731631,0.142909847
140430A,102.942,23.033,173.6,11,2.5,50.82,399,0.09087309,0.05066721,2.15785,4.76398,183,1.6,2.239549721,1.041392685,0.397940009,1.706034661,2.600972896,-1.041564704,-1.29527301,0.334021252,21.67796993,2.26245109,0.204119983,0.15932702,0.003451947,0.00755287,0.002139802,6.52E-12,0.009243976,0.015218687,0.449078552,0.062154814,0.031799566,0.262141132
140419A,127.001,46.234,94.7,160,4.9,86.49,509,0.4290475,0.1289862,1.87322,10.9886,97,3.956,1.976349979,2.204119983,0.69019608,1.936965897,2.706717782,-0.367494624,-0.889456752,0.272588786,22.04094236,1.986771734,0.597256283,0.086788637,0.051521115,0.014803625,0.013137894,8.32E-12,0.043644436,0.038743018,0.264315064,0.143366342,0.011081667,0.657231017
140318A,184.049,20.225,8.43,2.9,0.5,124.75,36.3,0.018975744,0.009011779,2.30719,1.904905,132,1.02,0.925827575,0.462397998,-0.301029996,2.096040554,1.559906625,-1.721801187,-2.045189467,0.363083361,21.27987332,2.120573931,0.008600172,0.007474487,0.000838791,0.001510574,0.024934557,5.92E-13,0.001930289,0.002706828,0.546020474,0.024852962,0.01951337,0.164877918
140304A,30.653,33.48,15.6,12,1.7,75.18,62.8,0.03578112,0.020826288,2.01927,30.237,138,5.283,1.193124598,1.079181246,0.230448921,1.876102321,1.797959644,-1.44634607,-1.68138813,0.305194393,22.4805387,2.139879086,0.722880611,0.014066379,0.003774559,0.005135952,0.009650694,1.02E-12,0.003639799,0.006255501,0.35912133,0.394496849,0.020958805,0.879762544
140301A,69.521,-34.249,31,4.4,0.7,86.07,338,0.0317709,0.01719468,2.42752,7.36699,95,1.416,1.491361694,0.643452676,-0.15490196,1.934851803,2.5289167,-1.497970482,-1.764605902,0.385162817,21.86729008,1.977723605,0.151063253,0.028224694,0.001322709,0.002114804,0.013008396,5.52E-12,0.003231864,0.00516469,0.62413097,0.09611583,0.010599855,0.231285216
140206A,145.321,66.762,93.6,160,19.4,43.88,962,0.9705656,0.36156924,1.88134,10.1231,52,2.73,1.971275849,2.204119983,1.28780173,1.642266619,2.983175072,-0.012975106,-0.441808524,0.274467289,22.00531353,1.716003344,0.436162647,0.085777328,0.051521115,0.058610272,0,1.57E-11,0.098729833,0.108602964,0.269586046,0.132074315,0.000240906,0.451636705
140114A,188.498,27.942,139.7,32,0.9,577.5,10,0.06852023,0.02715507,2.35235,1.35496,120,3,2.145196406,1.505149978,-0.045757491,2.761551989,1,-1.164181188,-1.566149073,0.37150194,21.13192647,2.079181246,0.477121255,0.128160338,0.010226796,0.002719033,0.164530461,1.62E-13,0.006970153,0.008156449,0.575335441,0.017677926,0.016622501,0.496914408
131227A,67.369,28.879,18,8.4,1.1,57,60.1,0.024683603,0.008876693,1.92381,4.97208,66,5.3,1.255272505,0.924279286,0.041392685,1.755874856,1.778874472,-1.607591447,-2.0517488,0.284162178,21.69653811,1.819543936,0.72427587,0.016272869,0.002613156,0.003323263,0.004045275,9.80E-13,0.002510915,0.002666253,0.297154838,0.064869858,0.003613587,0.882613362
131103A,348.948,-44.645,17.3,8.2,1.5,76.26,131,0.07515963,0.031224648,2.1927,3.58073,87,0.599,1.238046103,0.913813852,0.176091259,1.882296801,2.117271296,-1.124015367,-1.505502449,0.340979217,21.55397157,1.939519253,-0.222573178,0.01562931,0.002548634,0.004531722,0.009983689,2.14E-12,0.00764554,0.00937881,0.47170093,0.046717158,0.008672609,0.09427824
131030A,345.074,-5.38,41.1,290,28.1,78.36,5430,0.475692,0.1693902,2.09466,0.694683,90,1.293,1.613841822,2.462397998,1.44870632,1.894094427,3.73479983,-0.322674152,-0.771111719,0.321113539,20.84178667,1.954242509,0.111598525,0.037510343,0.093460657,0.08489426,0.01063118,8.87E-11,0.048389302,0.05087899,0.408059669,0.009063408,0.009395326,0.210658707
130907A,215.898,45.602,360,1400,25.6,66.59,6330,2.6719719,0.5314296,1.99054,1.79173,74,1.238,2.556302501,3.146128036,1.408239965,1.823409015,3.80140371,0.426831887,-0.27455426,0.298970909,21.25327257,1.86923172,0.092720645,0.330697803,0.451559828,0.07734139,0.007002149,1.03E-10,0.271803719,0.159623173,0.340471662,0.023376388,0.005540834,0.201435471
130831A,358.635,29.431,32.5,65,13.6,125.8,88.7,0.23422308,0.10099206,1.79449,0.0703922,191,0.4791,1.511883361,1.812913357,1.133538908,2.099680641,1.94792362,-0.630370312,-0.995712769,0.253941043,19.84752454,2.281033367,-0.319573829,0.029603751,0.020872988,0.041087613,0.025258303,1.45E-12,0.023826113,0.030334541,0.213208613,0.000918395,0.033726813,0.074171586
130701A,357.224,36.1,4.38,44,17.1,85.47,136,0.09600966,0.034662612,1.9213,0.510222,151,1.155,0.641474111,1.643452676,1.23299611,1.931813704,2.133538908,-1.017685068,-1.460138714,0.283595183,20.70775918,2.178976947,0.062581984,0.003751034,0.014098139,0.051661631,0.012823398,2.22E-12,0.009766488,0.010411456,0.295525508,0.006656777,0.024090581,0.18751677
130612A,259.771,16.729,4,2.3,1.7,86.97,92.2,0.010768527,0.004891128,2.18734,7.85251,94,2.006,0.602059991,0.361727836,0.230448921,1.93936947,1.964730921,-1.967843699,-2.310590972,0.339916295,21.8950085,1.973127854,0.302330929,0.003401673,0.000645224,0.005135952,0.013285892,1.50E-12,0.001095418,0.001469127,0.468221563,0.102450324,0.01035895,0.330225382
130610A,224.414,28.187,46.4,25,1.7,132.97,43.7,0.026318754,0.010466968,2.04497,2.63573,140,2.092,1.666517981,1.397940009,0.230448921,2.123753669,1.640481437,-1.579734675,-1.980179104,0.310686941,21.42090092,2.146128036,0.32056168,0.04238301,0.007968513,0.005135952,0.027469021,7.12E-13,0.002677249,0.003143917,0.375804117,0.034387908,0.021440617,0.344647169
130604A,250.166,68.225,37.7,14,0.8,99.27,176,0.001072626,0.000221909,2.08823,2.23996,109,1.06,1.57634135,1.146128036,-0.096910013,1.996818022,2.245512668,-2.96955168,-3.653825084,0.319778331,21.35024026,2.037426498,0.025305865,0.034384481,0.004419783,0.002416918,0.017078337,2.87E-12,0.000109112,6.67E-05,0.403885726,0.029224366,0.013972537,0.171585726
130514A,296.278,-7.974,204,91,2.8,88.83,583,0.07779492,0.029464704,2.0604,1.577583,97,3.6,2.309630167,1.959041392,0.447158031,1.948559662,2.765668555,-1.109048761,-1.530697917,0.313951541,21.19799222,1.986771734,0.556302501,0.187275903,0.029260896,0.008459215,0.013859384,9.52E-12,0.007913612,0.008850184,0.38582028,0.020582449,0.011081667,0.597531527
130505A,137.06,17.485,88,210,30,96.37,735,2.1814356,0.5711476,1.92439,0.524335,107,2.27,1.944482672,2.322219295,1.477121255,1.983941859,2.866287339,0.338742396,-0.243251644,0.284293091,20.71960885,2.029383778,0.356025857,0.08062885,0.067651708,0.090634441,0.016184183,1.20E-11,0.221904396,0.171553094,0.297531337,0.006840907,0.013490725,0.374496914
130427B,314.9,-22.548,27,15,3,77.37,115,0.019117137,0.003710698,1.8144,0.44452598,87,2.78,1.431363764,1.176091259,0.477121255,1.888572597,2.06069784,-1.718577148,-2.43054439,0.258733037,20.64789715,1.939519253,0.444044796,0.02454721,0.004742394,0.009063444,0.010325934,1.88E-12,0.001944672,0.001114566,0.226132904,0.005799653,0.008672609,0.460021465
130427A,173.15,27.706,162.83,3100,331,140.19,43800,9.83052,3.329276,1.78644,0.977721,147,0.34,2.211734423,3.491361694,2.519827994,2.146717036,4.641474111,0.992576491,0.5223498,0.251988434,20.99021494,2.167317335,-0.468521083,0.149425393,1,1,0.029695155,7.16E-10,1,1,0.207983071,0.012756155,0.023126957,0.050845184
130418A,149.045,13.674,300,18,0.6,129.7,155,0.09930438,0.03376863,1.68684,1.32281,138,1.218,2.477121255,1.255272505,-0.22184875,2.112939976,2.190331698,-1.003031596,-1.471486558,0.227073891,21.12149747,2.139879086,0.085647288,0.275535534,0.00571023,0.001812689,0.026460785,2.53E-12,0.010101641,0.010142935,0.143329157,0.017258471,0.020958805,0.198081567
121211A,195.575,30.173,182,13,1,89.52,664,0.13629805,0.0478345,2.0682,4.58545,97,1.023,2.260071388,1.113943352,0,1.951920074,2.822168079,-0.865510358,-1.320258761,0.315592534,21.66138196,1.986771734,0.009875634,0.167049738,0.004097171,0.003021148,0.01407213,1.08E-11,0.013864785,0.014367839,0.390883539,0.059825564,0.011081667,0.165381003
121128A,300.589,54.301,23.3,69,12.9,77.17,158,0.0471828,0.013250134,1.98504,10.9723,85,2.2,1.367355921,1.838849091,1.11058971,1.8874485,2.198657087,-1.32621629,-1.87777973,0.297769263,22.04029767,1.929418926,0.342422681,0.021145536,0.022163435,0.03897281,0.010264269,2.58E-12,0.004799624,0.003979885,0.336901416,0.143153679,0.008190797,0.362758251
121027A,63.598,-58.839,62.6,20,1.3,67.38,610,0.24509127,0.18853735,2.37144,11.9499,77,1.773,1.796574333,1.301029996,0.113943352,1.828531007,2.785329835,-0.610672158,-0.724602601,0.375012141,22.07736427,1.886490725,0.248708736,0.057276823,0.006355454,0.003927492,0.007245729,9.97E-12,0.024931669,0.056630135,0.587727441,0.155908255,0.006263551,0.291152401
121024A,70.481,-12.255,69,11,1.3,93,110,0.07719156,0.025306632,2.00683,8.83441,158,2.298,1.838849091,1.041392685,0.113943352,1.968482949,2.041392685,-1.112430182,-1.59676565,0.302510585,21.94617755,2.198657087,0.361350024,0.063160798,0.003451947,0.003927492,0.015145115,1.80E-12,0.007852236,0.007601242,0.351046082,0.115261002,0.025776921,0.37919238
120922A,234.758,-20.181,173,62,2,116.42,2530,0.11777535,0.05077345,2.06954,1.038387,127,3.1,2.238046103,1.792391689,0.301029996,2.066027595,3.403120521,-0.928945596,-1.294363326,0.315873825,21.01635924,2.103803721,0.491361694,0.158775398,0.019905152,0.006042296,0.022366178,4.13E-11,0.011980582,0.015250598,0.39175338,0.013547654,0.018308841,0.513683928
120811C,199.69,62.297,26.8,30,4.1,68.67,297,0.11858981,0.04829129,1.92121,8.26457,76,2.671,1.428134794,1.477121255,0.612783857,1.836767047,2.472756449,-0.925952627,-1.316131193,0.283574838,21.91722026,1.880813592,0.426673888,0.024363335,0.009581572,0.012386707,0.007643473,4.85E-12,0.012063432,0.014505043,0.295467086,0.107826399,0.006022645,0.441742688
120729A,13.078,49.936,71.5,24,2.9,68.12,175,0.007857444,0.000941224,1.8831,2.228028,77,0.8,1.854306042,1.380211242,0.462397998,1.833274639,2.243038049,-2.104718706,-3.026307007,0.274873383,21.34792064,1.886490725,-0.096910013,0.065459226,0.007645901,0.008761329,0.007473892,2.86E-12,0.000799291,0.000282711,0.270728525,0.029068692,0.006263551,0.127984975
120724A,245.193,3.535,72.8,6.8,0.6,109.1,51.4,0.04020438,0.030380392,1.86175,7.40E-07,99,1.48,1.862131379,0.832508913,-0.22184875,2.037824751,1.710963119,-1.395726631,-1.517406627,0.269921363,14.86923172,1.995635195,0.170261715,0.066654408,0.002096977,0.001812689,0.02010921,8.38E-13,0.004089751,0.009125225,0.256869478,9.65E-09,0.011563479,0.242017709
120714B,355.412,-46.196,159,12,0.4,120.07,159,0.001815611,0.000412731,1.94091,0.00172307,129,0.3984,2.201397124,1.079181246,-0.397940009,2.079434511,2.201397124,-2.740977195,-3.38433291,0.288005398,18.23630292,2.11058971,-0.39968067,0.145904202,0.003774559,0.001208459,0.023491578,2.60E-12,0.000184691,0.00012397,0.308255058,2.25E-05,0.018790653,0.060638583
120521C,214.288,42.144,26.7,11,1.9,69.11,74.3,0.017671237,0.002855346,1.84163,4.75213,76,6,1.426511261,1.041392685,0.278753601,1.839540893,1.870988814,-1.752733048,-2.544341258,0.265202381,21.67688831,1.880813592,0.77815125,0.024271398,0.003451947,0.005740181,0.007779138,1.21E-12,0.001797589,0.000857648,0.243808868,0.062000209,0.006022645,1
120422A,136.915,13.974,5.35,2.3,0.6,95.07,312,0.01374254,0.01123796,2.32199,6.82E-05,104,0.28,0.728353782,0.361727836,-0.22184875,1.978043494,2.494154594,-1.86193299,-1.949312518,0.365860345,16.83378437,2.017033339,-0.552841969,0.004642824,0.000645224,0.001812689,0.015783356,5.10E-12,0.001397946,0.003375497,0.555627682,8.90E-07,0.012768008,0.040783472
120404A,235.002,12.883,38.7,16,1.2,130.02,73.4,0.021299642,0.0052762,1.89579,5.12667,138,2.876,1.587710965,1.204119983,0.079181246,2.114010162,1.86569606,-1.671627696,-2.27767875,0.277790228,21.70983536,2.139879086,0.458788882,0.035303852,0.005065006,0.003625378,0.02655945,1.20E-12,0.002166685,0.001584789,0.278966057,0.066886767,0.020958805,0.476120204
120327A,246.854,-29.415,62.9,36,3.9,75.61,541,0.07595896,0.023957956,1.75797,14.6619,141,2.81,1.798650645,1.556302501,0.591064607,1.878579238,2.733197265,-1.11942099,-1.620550237,0.24501146,22.16619025,2.149219113,0.44870632,0.057552634,0.011517244,0.011782477,0.009783276,8.84E-12,0.007726851,0.007196146,0.189502178,0.191291244,0.021681523,0.465052321
120326A,273.906,69.248,69.6,26,4.6,59.54,201,0.448495,0.28005354,1.86299,3.49005,67,1.798,1.84260924,1.414973348,0.662757832,1.77480883,2.303196057,-0.348242394,-0.552758933,0.270210524,21.54283165,1.826074803,0.254789687,0.063712421,0.008291125,0.013897281,0.00482843,3.28E-12,0.045622714,0.084118451,0.257674407,0.045534072,0.003854493,0.295344781
120119A,120.029,-9.076,253.8,170,10.3,53.29,1060,0.1876052,0.043695994,1.61077,10.5203,62,1.728,2.404491618,2.230448921,1.012837225,1.72664572,3.025305865,-0.726755128,-1.359558377,0.207033532,22.02202812,1.792391689,0.237543738,0.233060587,0.054747234,0.031117825,0.002901375,1.73E-11,0.019083955,0.013124774,0.093949406,0.137256514,0.002649964,0.283606118
111228A,150.063,18.284,101.2,85,12.4,145.07,882,0.3853548,0.1496862,2.03824,2.59076,155,0.714,2.005180513,1.929418926,1.093421685,2.161577611,2.945468585,-0.414139227,-0.824818237,0.30925532,21.41342718,2.190331698,-0.146301788,0.092764549,0.027325225,0.037462236,0.0311998,1.44E-11,0.039199839,0.044960586,0.371435434,0.033801192,0.025054204,0.113563188
111225A,13.158,51.573,106.8,13,0.7,88.14,296,0.013042395,0.005845995,1.80018,2.086314,95,0.297,2.028571253,1.113943352,-0.15490196,1.945173046,2.471291711,-1.884642651,-2.23314156,0.255315932,21.31937967,1.977723605,-0.527243551,0.097913027,0.004097171,0.002114804,0.013646637,4.83E-12,0.001326725,0.001755936,0.216902195,0.027219774,0.010599855,0.04363429
110503A,132.799,52.211,10,100,1.35,93.63,205,0.27394282,0.0919154,1.90907,1.36895,212,1.613,1,2,0.130333768,1.971415023,2.311753861,-0.562340078,-1.036611718,0.280821853,21.13638759,2.326335861,0.207634367,0.0089179,0.032164403,0.00407855,0.015339362,3.35E-12,0.027866565,0.027608225,0.287586578,0.017860451,0.038785835,0.26432117
110422A,112.057,75.1,25.9,410,30.7,814.5,62.1,0.30682548,0.09138792,1.89199,10.4926,822,1.77,1.413299764,2.612783857,1.487138375,2.910891089,1.7930916,-0.513108578,-1.039111207,0.276918837,22.02088312,2.914871818,0.247973266,0.023535901,0.132174081,0.092749245,0.237604408,1.01E-12,0.031211521,0.027449788,0.276499341,0.136895117,0.185738376,0.290649316
110213A,42.978,49.278,48,59,1.6,91.74,109,0.23456141,0.05631555,1.96436,3.69049,100,1.46,1.681241237,1.770852012,0.204119983,1.962558736,2.037426498,-0.629743436,-1.24937167,0.293221082,21.56708403,2,0.164352856,0.043854004,0.018937317,0.004833837,0.014756621,1.78E-12,0.023860529,0.016915254,0.32347729,0.048149177,0.011804384,0.238663805
110205A,164.603,67.533,257,170,3.6,155.4,1400,0.05419368,0.014733216,1.93577,2.34655,164,1.98,2.409933123,2.230448921,0.556302501,2.191451014,3.146128036,-1.266051357,-1.831702444,0.286853755,21.37042981,2.214843848,0.29666519,0.236002574,0.054747234,0.010876133,0.034384838,2.29E-11,0.005512799,0.004425351,0.304918501,0.030615027,0.027222356,0.325865307
101219B,12.259,-34.556,34,21,0.6,542.7,96.8,0.0473974,0.028567298,1.85684,0.314,156,0.5519,1.531478917,1.322219295,-0.22184875,2.734559822,1.985875357,-1.324245481,-1.544130835,0.268774483,20.49692965,2.193124598,-0.258139606,0.030982808,0.006678066,0.001812689,0.153800616,1.58E-12,0.004821454,0.008580634,0.253682222,0.004096703,0.02529511,0.086379796
100906A,28.697,55.634,114.4,120,10.1,80.24,2340,0.11097593,0.023497346,2.02817,9.1618,89,1.727,2.058426024,2.079181246,1.004321374,1.90439092,3.369215857,-0.954771207,-1.628981188,0.307104354,21.96198081,1.949390007,0.237292338,0.104900248,0.03861664,0.030513595,0.011210838,3.82E-11,0.011288918,0.007057795,0.364898637,0.119532402,0.009154421,0.283438422
100902A,48.626,30.97,428.8,32,1,316.15,22000,0.12602814,0.0750101,2.35636,4.49857,325,4.5,2.632254777,1.505149978,0,2.499893186,4.342422681,-0.899532473,-1.124880256,0.372241642,21.65307448,2.511883361,0.653212514,0.393950538,0.010226796,0.003021148,0.083948706,3.59E-10,0.012820089,0.022530454,0.577938475,0.058692056,0.066008191,0.748457204
100816A,351.738,26.568,2.9,20,10.9,82.85,131,0.032746956,0.014767674,1.91138,2.22759,91,0.8034,0.462397998,1.301029996,1.037426498,1.918292513,2.117271296,-1.484829064,-1.830687903,0.281347037,21.34783526,1.959041392,-0.095068173,0.002390365,0.006355454,0.032930514,0.012015577,2.14E-12,0.003331152,0.004435701,0.289086082,0.029062977,0.009636232,0.128555138
100814A,22.479,-17.99,174.5,90,2.5,87.31,618,1.0257732,0.36343398,1.89414,0.787196,153,1.44,2.241795431,1.954242509,0.397940009,1.941063988,2.790988475,0.011051348,-0.43957447,0.277412076,20.89608288,2.184691431,0.158362492,0.160154454,0.028938284,0.00755287,0.013390724,1.01E-11,0.104345772,0.109163067,0.277894983,0.010270408,0.024572392,0.235309901
100728A,88.753,-15.259,198.5,380,5.1,76.72,2010,0.499293,0.1365831,1.90402,3.35678,86,1.567,2.297760511,2.579783597,0.707570176,1.884908594,3.303196057,-0.301644523,-0.864603034,0.279671506,21.52592288,1.934498451,0.195068996,0.182219362,0.122495725,0.015407855,0.010125521,3.28E-11,0.05079009,0.041024865,0.284308443,0.043795321,0.008431703,0.256607191
100621A,315.309,-51.102,63.6,210,12.8,76.03,7490,0.5943417,0.2785454,2.3024,19.2552,85,0.542,1.803457116,2.322219295,1.10720997,1.88098499,3.874481818,-0.225963798,-0.555104009,0.362180777,22.28454803,1.929418926,-0.266000713,0.058196194,0.067651708,0.038670695,0.009912774,1.22E-10,0.060458826,0.083665458,0.542911114,0.251219226,0.008190797,0.084719614
100615A,177.208,-19.483,39,50,5.4,62.4,615,0.45264234,0.22002318,2.37643,12.8509,71,1.398,1.591064607,1.698970004,0.73239376,1.79518459,2.788875116,-0.344244825,-0.657531563,0.375925026,22.10893354,1.851258349,0.145507171,0.035579664,0.01603381,0.016314199,0.005710251,1.00E-11,0.046044598,0.066087396,0.590966628,0.167663444,0.004818116,0.228266702
100425A,299.161,-26.463,37,4.7,1.4,78.81,311,0.0435699,0.016759017,2.17077,0.342503,88,1.755,1.568201724,0.672097858,0.146128036,1.896581328,2.492760389,-1.360813437,-1.775751458,0.336613811,20.53466438,1.944482672,0.244277121,0.033740921,0.001419492,0.004229607,0.010769928,5.08E-12,0.004432105,0.005033832,0.457465385,0.004468577,0.008913515,0.288133888
100424A,209.453,1.512,104,15,0.4,119.81,209,0.001167346,0.000172511,1.65736,2.00385,128,2.465,2.017033339,1.176091259,-0.397940009,2.078493068,2.320146286,-2.9328004,-3.763183207,0.219416853,21.30186521,2.10720997,0.391816924,0.095338788,0.004742394,0.001208459,0.023411412,3.41E-12,0.000118747,5.18E-05,0.124192638,0.02614388,0.018549747,0.407197478
100418A,256.358,11.457,7,3.4,1,79.13,127,0.0739878,0.0580596,2.26662,4.16E-06,87,0.6235,0.84509804,0.531478917,0,1.898341166,2.103803721,-1.130839886,-1.236125961,0.355378717,15.61909333,1.939519253,-0.205163542,0.006159787,0.001000097,0.003021148,0.010868593,2.07E-12,0.007526336,0.017439107,0.519685039,5.43E-08,0.008672609,0.098386772
100302A,195.504,74.568,17.9,3.1,0.5,125.47,196,0.027310176,0.015990552,1.9307,0.000053533,132,4.813,1.252853031,0.491361694,-0.301029996,2.098539898,2.292256071,-1.563675501,-1.796136544,0.285714797,16.72862158,2.120573931,0.682415862,0.016180932,0.000903313,0.001510574,0.025156554,3.20E-12,0.002778101,0.004803012,0.301627383,6.98E-07,0.01951337,0.800945801
91029,60.166,-55.954,39.2,24,1.8,79.88,180,0.16721793,0.06591486,2.11535,2.82219,91,2.752,1.593286067,1.380211242,0.255272505,1.902438056,2.255272505,-0.776717157,-1.181016666,0.325382235,21.45058625,1.959041392,0.43964843,0.035763538,0.007645901,0.005438066,0.01109984,2.94E-12,0.01701008,0.019798557,0.421490286,0.036820619,0.009636232,0.455325999
91024,339.24,56.885,109.8,61,2,3192,10,0.13180635,0.02893163,1.49013,17.184,3000,1.092,2.04060234,1.785329835,0.301029996,3.504062883,1,-0.880063666,-1.538627098,0.173224158,22.23512426,3.477121255,0.038222638,0.100671141,0.01958254,0.006042296,0.97065634,1.62E-13,0.013407872,0.008690067,0.015637678,0.224196642,0.710431221,0.176951972
91020,175.727,50.977,34.6,37,4.2,81.5,301,0.14840932,0.05134136,2.08587,5.08013,89,1.71,1.539076099,1.568201724,0.62324929,1.911157609,2.478566496,-0.828538825,-1.289532631,0.319287238,21.70587483,1.949390007,0.23299611,0.03153443,0.011839855,0.012688822,0.011599333,4.92E-12,0.015096792,0.015421179,0.402353766,0.066279567,0.009154421,0.280587604
91018,32.191,-57.546,4.4,14,10.3,61.49,44,0.14420988,0.04153068,1.98015,1.55551,68,0.971,0.643452676,1.146128036,1.012837225,1.788804493,1.643452676,-0.841004985,-1.381630958,0.29669809,21.19187281,1.832508913,-0.01278077,0.003769422,0.004419783,0.031117825,0.005429672,7.17E-13,0.014669609,0.012474388,0.333727142,0.020294467,0.004095399,0.156660853
090926B,46.31,-38.997,109.7,73,3.2,88.76,315,0.05999079,0.023886003,1.56483,13.9441,98,1.24,2.040206628,1.86332286,0.505149978,1.948217294,2.498310554,-1.221915419,-1.621856517,0.194467164,22.14439049,1.991226076,0.093421685,0.100579204,0.023453883,0.009667674,0.013837801,5.15E-12,0.006102504,0.007174534,0.064128113,0.181926233,0.011322573,0.201770861
90812,353.2,-10.609,66.7,58,3.6,76.82,495,0.11709094,0.04648606,1.88559,5.99391,86,2.452,1.824125834,1.763427994,0.556302501,1.885474303,2.694605199,-0.931476707,-1.332677262,0.275447266,21.77771022,1.934498451,0.389520466,0.061046244,0.018614705,0.010876133,0.010156354,8.09E-12,0.011910961,0.013962814,0.272344873,0.078201495,0.008431703,0.40501744
90726,248.681,72.866,67,8.6,0.7,3061.74,3800,0.0232314,0.00786303,2.4288,10.6388,3610,2.71,1.826074803,0.934498451,-0.15490196,3.485968308,3.579783597,-1.633924617,-2.104410067,0.385391754,22.02689264,3.557507202,0.432969291,0.061322056,0.002677678,0.002114804,0.930493419,6.21E-11,0.002363191,0.002361784,0.624961863,0.138802562,0.857383763,0.448282801
090715B,251.337,44.837,266,57,3.8,46.25,419,0.09306745,0.0395682,2.02532,8.28035,53,3,2.424881637,1.755874856,0.579783597,1.665111737,2.622214023,-1.031202185,-1.402653706,0.306493651,21.91804869,1.72427587,0.477121255,0.244276915,0.018292093,0.011480363,0.000730739,6.84E-12,0.009467195,0.011884926,0.363048601,0.108032278,0.000481812,0.496914408
90618,294.008,78.352,113.2,1050,38.9,120.9,31500,1.06260286,0.35844587,1.82831,2.46604,129,0.54,2.053846427,3.021189299,1.589949601,2.082426301,4.498310554,0.02637098,-0.445576419,0.262049835,21.39200012,2.11058971,-0.26760624,0.103797003,0.338645675,0.117522659,0.023747491,5.15E-10,0.108092233,0.107664811,0.235162381,0.032173992,0.018790653,0.084384223
90529,212.446,24.45,100,6.8,0.4,197.09,148,0.019368992,0.011372352,2.22623,3.26E-08,204,2.625,2,0.832508913,-0.397940009,2.29466459,2.170261715,-1.71289298,-1.944149706,0.347570031,13.5132176,2.309630167,0.419129308,0.091661304,0.002096977,0.001208459,0.047239069,2.42E-12,0.001970292,0.003415863,0.493466449,4.25E-10,0.036858588,0.434028709
90519,142.317,0.19,64,12,0.6,114.92,57.7,3.02E-05,4.69E-06,1.46604,13.5112,106,3.9,1.806179974,1.079181246,-0.22184875,2.060395617,1.761175813,-4.519993057,-5.328827157,0.16614582,22.13069392,2.025305865,0.591064607,0.058563942,0.003774559,0.001812689,0.021903684,9.41E-13,3.07E-06,1.41E-06,0,0.176278263,0.013249819,0.647840086
90424,189.531,16.829,48,210,71,84.46,654,0.8685105,0.36182094,1.96315,4.26707,91,0.544,1.681241237,2.322219295,1.851258349,1.926651077,2.815577748,-0.061224927,-0.441506302,0.292953484,21.63012977,1.959041392,-0.2644011,0.043854004,0.067651708,0.214501511,0.012511986,1.07E-11,0.088348378,0.108678566,0.322691836,0.055671716,0.009636232,0.085055004
090418A,269.32,33.407,56,46,1.9,96.1,105,0.11250812,0.032624602,2.03408,10.5599,84,1.608,1.748188027,1.662757832,0.278753601,1.982723388,2.021189299,-0.948816132,-1.486454778,0.30836803,22.02365981,1.924279286,0.206286044,0.051208973,0.014743362,0.005740181,0.016100935,1.71E-12,0.011444778,0.009799308,0.368735029,0.137773168,0.007949892,0.263482694
90113,32.067,33.436,9.1,7.6,2.5,70.91,81.3,0.031875012,0.011442024,2.25448,3.13819,79,1.7493,0.959041392,0.880813592,0.397940009,1.850707485,1.910090546,-1.496549643,-1.941497146,0.353046387,21.49667923,1.897627091,0.242864296,0.008090466,0.002355067,0.00755287,0.00833413,1.33E-12,0.003242454,0.00343679,0.511804532,0.040943416,0.006745363,0.287178025
90102,128.248,33.107,27,0.68,5.5,387.21,60.9,0.18249756,0.05766978,1.76997,5.29373,395,1.547,1.431363764,-0.167491087,0.740362689,2.587946565,1.784617293,-0.738742938,-1.239051705,0.247965905,21.72376179,2.596597096,0.189490314,0.02454721,0.000122593,0.016616314,0.105858557,9.93E-13,0.018564385,0.017322018,0.197291806,0.069066369,0.082871597,0.253253287
81222,22.748,-34.095,24,48,7.7,51.75,391,0.2564814,0.0810257,1.99296,2.97084,60,2.7,1.380211242,1.681241237,0.886490725,1.713910354,2.592176757,-0.590944124,-1.091377208,0.299498582,21.47287926,1.77815125,0.431363764,0.021789096,0.015388586,0.02326284,0.002426548,6.39E-12,0.026090319,0.024337333,0.34204257,0.03876003,0.002168152,0.446605849
81221,15.801,-24.542,34,181,18.2,68.4,7360,0.1717238,0.06286634,2.4947,3.74385,78,2.26,1.531478917,2.257678575,1.260071388,1.835056102,3.866877814,-0.76516951,-1.201581823,0.397018327,21.57331844,1.892094603,0.354108439,0.030982808,0.058295964,0.054984894,0.007560224,1.20E-10,0.017468435,0.018882886,0.667739904,0.048845356,0.006504457,0.372819962
081203A,233.071,63.514,294,77,2.9,83.1,1780,0.0685881,0.01521184,2.03508,4.58954,93,2.1,2.46834733,1.886490725,0.462397998,1.919601024,3.250420002,-1.163751228,-1.817818251,0.308581486,21.66176916,1.968482949,0.322219295,0.270019307,0.02474433,0.008761329,0.012092659,2.91E-11,0.006977057,0.004569114,0.369384165,0.059878925,0.010118044,0.345988731
81118,82.572,-43.305,67,12,0.6,153.3,60.1,0.01078578,0.00698124,2.54386,5.01E-06,150,2.58,1.826074803,1.079181246,-0.22184875,2.185542155,1.778874472,-1.967148442,-2.156067432,0.405493206,15.69983773,2.176091259,0.411619706,0.061322056,0.003774559,0.001812689,0.033737347,9.80E-13,0.001097173,0.002096924,0.699651414,6.54E-08,0.023849675,0.426482426
81008,279.968,-57.433,185.5,43,1.3,87.15,150,0.07461,0.018765324,1.98207,1.37301,96,1.9685,2.268343914,1.633468456,0.113943352,1.940267391,2.176091259,-1.12720296,-1.726643933,0.297118988,21.1376737,1.982271233,0.294135419,0.170267537,0.013775527,0.003927492,0.013341391,2.45E-12,0.007589629,0.005636458,0.334973483,0.017913421,0.010840761,0.323936812
81007,339.963,-40.146,10,7.1,2.6,99.35,153,0.14121013,0.05631807,2.102,4.96658,109,0.5295,1,0.851258349,0.414973348,1.997167871,2.184691431,-0.850134147,-1.249352237,0.322632712,21.69605744,2.037426498,-0.276134036,0.0089179,0.002193761,0.007854985,0.017103003,2.50E-12,0.014364462,0.016916011,0.412824324,0.0647981,0.013972537,0.082623424
80928,95.061,-55.176,280,25,2.1,169.7,577,0.06198336,0.01471095,2.13864,3.23856,161,1.692,2.447158031,1.397940009,0.322219295,2.229681842,2.761175813,-1.207724885,-1.832359281,0.330137685,21.51035195,2.206825876,0.228400359,0.257148111,0.007968513,0.006344411,0.038793941,9.43E-12,0.006305196,0.004418663,0.436608656,0.042252926,0.026499639,0.27756909
80906,228.055,-80.54,147,35,1,71.27,717,0.16791489,0.06315426,2.00001,1.968944,62,2,2.167317335,1.544068044,0,1.852906759,2.855519156,-0.774910791,-1.199597349,0.301032167,21.29423336,1.792391689,0.301029996,0.134871748,0.011194632,0.003021148,0.008445128,1.17E-11,0.017080977,0.018969368,0.346618977,0.025688468,0.002649964,0.329219211
080905B,301.746,-62.568,128,18,0.5,103.21,211,0.2478044,0.0810496,1.86248,21.6437,94,2.374,2.10720997,1.255272505,-0.301029996,2.013721778,2.324282455,-0.605890987,-1.091249124,0.270091618,22.33533151,1.973127854,0.375480715,0.117403696,0.00571023,0.001510574,0.018293153,3.45E-12,0.025207659,0.024344512,0.257343347,0.282381567,0.01035895,0.391937215
80810,356.783,0.31,106,46,2,76,426,0.10307385,0.028674756,2.11482,2.82355,65,3.35,2.025305865,1.662757832,0.301029996,1.880813592,2.629409599,-0.986851502,-1.542500269,0.325273409,21.45079548,1.812913357,0.525044807,0.097177531,0.014743362,0.006042296,0.009903524,6.96E-12,0.010485086,0.00861291,0.421146244,0.036838363,0.003372681,0.555607727
80804,328.675,-53.189,34,36,3.1,99.04,55,0.0682385,0.028811486,1.81617,1.36745,91,2.2045,1.531478917,1.556302501,0.491361694,1.995810632,1.740362689,-1.165970528,-1.540434342,0.259156498,21.13591146,1.959041392,0.343310103,0.030982808,0.011517244,0.009365559,0.017007421,8.97E-13,0.006941494,0.008653979,0.227281874,0.017840881,0.009636232,0.363512879
80721,224.481,-11.709,16.2,120,20.9,108.03,50,0.618677,0.16855054,1.9433,6.27022,118,2.602,1.209515015,2.079181246,1.320146286,2.033544376,1.698970004,-0.208536029,-0.773269852,0.288539851,21.79728278,2.071882007,0.415307292,0.014618001,0.03861664,0.063141994,0.019779298,8.15E-13,0.062934311,0.050626785,0.309806493,0.081806463,0.016140689,0.43017172
80707,32.627,33.1,27.1,5.2,1,68.29,35.9,0.0421036,0.018068015,2.07126,3.61762,80,1.23,1.432969291,0.716003344,0,1.834357113,1.555094449,-1.375680769,-1.743089558,0.316234618,21.55842295,1.903089987,0.089905111,0.024639147,0.001580798,0.003021148,0.007526308,5.85E-13,0.004282947,0.00542701,0.392869894,0.047198455,0.006986268,0.200093909
80607,194.964,15.91,79,240,23.1,82.13,4960,0.06214536,0.01937718,2.03418,24.2029,92,3.036,1.897627091,2.380211242,1.36361198,1.914501823,3.695481676,-1.206591292,-1.712709426,0.30838938,22.38386741,1.963787827,0.482301767,0.07235451,0.077330064,0.06978852,0.01179358,8.10E-11,0.006321676,0.005820238,0.368799943,0.315771002,0.009877138,0.502951435
80605,262.13,4.01,20,133,19.9,90.39,175,0.16468998,0.040702662,1.7467,5.47122,82,1.6398,1.301029996,2.123851641,1.298853076,1.956120386,2.243038049,-0.783332823,-1.390377186,0.24221832,21.73808418,1.913813852,0.214790882,0.018111612,0.042810595,0.060120846,0.014340377,2.86E-12,0.016752927,0.01222568,0.182186419,0.07138205,0.00746808,0.268815401
80604,236.96,20.557,82,8,0.4,119.29,89.3,0.010070928,0.006940836,1.65441,0.297198,129,1.416,1.913813852,0.903089987,-0.397940009,2.076604039,1.950851459,-1.996930509,-2.158588217,0.218643146,20.47304588,2.11058971,0.151063253,0.075112623,0.002484111,0.001208459,0.023251081,1.46E-12,0.001024455,0.002084788,0.122277687,0.00387749,0.018790653,0.231285216
080603B,176.554,68.061,60,24,3.5,61.77,1210,0.2930788,0.15327338,1.83449,2.07069,63,2.69,1.77815125,1.380211242,0.544068044,1.790777601,3.08278537,-0.533015595,-0.814533265,0.263515349,21.31611509,1.799340549,0.42975228,0.054886458,0.007645901,0.010574018,0.005516004,1.98E-11,0.029813153,0.046038052,0.23917404,0.02701593,0.00289087,0.444928897
80430,165.331,51.682,16.2,12,2.6,48.87,126,0.22321908,0.09262728,2.03541,3.29518,164,0.75,1.209515015,1.079181246,0.414973348,1.689042339,2.100370545,-0.651268686,-1.033261089,0.308651904,21.51787914,2.214843848,-0.124938737,0.014618001,0.003774559,0.007854985,0.001538561,2.06E-12,0.022706742,0.027822049,0.36959838,0.042991637,0.027222356,0.119600215
080413A,287.301,-27.677,46,35,5.6,60.67,366,0.018960474,0.00739041,2.14652,5.81033,76,2.433,1.662757832,1.544068044,0.748188027,1.782973995,2.563481085,-1.72215081,-2.131331467,0.331734939,21.7642008,1.880813592,0.386142109,0.042015262,0.011194632,0.016918429,0.005176842,5.98E-12,0.001928736,0.002219825,0.441723845,0.075806359,0.006022645,0.401831232
80411,37.961,-71.297,56,264,43.2,70.15,44000,1.8023477,0.6186326,1.97674,3.74016,4202,1.03,1.748188027,2.421603927,1.635483747,1.846027675,4.643452676,0.255838577,-0.208567198,0.29594955,21.57289018,3.623456048,0.012837225,0.051208973,0.085072749,0.130513595,0.0080998,7.19E-10,0.183342051,0.185815955,0.33151359,0.048797213,1,0.16655487
80330,169.278,30.607,61,3.4,0.9,70.54,203,1.68E-16,9.67E-19,2.25433,4.90803,63,1.51,1.785329835,0.531478917,-0.045757491,1.848435455,2.307496038,-15.77469072,-18.01457353,0.353017491,21.69090721,1.799340549,0.178976947,0.055805829,0.001000097,0.002719033,0.008220048,3.32E-12,0,0,0.511707162,0.064034209,0.00289087,0.247048565
080319C,259.006,55.393,34,36,5.2,223.69,10,0.20715288,0.05564812,1.61029,5.62826,210,1.95,1.531478917,1.556302501,0.716003344,2.34964657,1,-0.683709024,-1.254549503,0.206904096,21.75037415,2.322219295,0.290034611,0.030982808,0.011517244,0.01570997,0.055440617,1.62E-13,0.021072423,0.016714781,0.093637821,0.073430924,0.038304023,0.320834451
080319B,217.919,36.3,50,810,24.8,60.47,15600,0.4045594,0.08752274,1.81426,0.753587,51,0.937,1.698970004,2.908485019,1.394451681,1.781539969,4.193124598,-0.393017703,-1.057879095,0.258699526,20.8771334,1.707570176,-0.028260409,0.045692746,0.261218828,0.074924471,0.005115176,2.55E-10,0.041153408,0.026288821,0.226042025,0.009831918,0,0.150959217
80310,220.04,-0.164,365,23,1.3,89.21,150,0.1092369,0.027023336,2.09352,3.64E-11,100,2.4266,2.562292864,1.361727836,0.113943352,1.950413539,2.176091259,-0.961630633,-1.568261039,0.320877114,10.56110138,2,0.384998193,0.335294658,0.007323289,0.003927492,0.013976549,2.45E-12,0.011112016,0.008116881,0.407319654,4.65E-13,0.011804384,0.400757982
80207,207.514,7.492,340,61,1,124.05,817,0.06446102,0.017617536,2.46364,7.58457,55,2.0858,2.531478917,1.785329835,0,2.093596769,2.912222057,-1.190702827,-1.754054832,0.391577247,21.87993096,1.740362689,0.319272663,0.31231038,0.01958254,0.003021148,0.024718727,1.33E-11,0.006557234,0.005291702,0.64757775,0.098954558,0.000963623,0.343607459
71227,58.132,-55.959,1.8,2.2,1.6,79.09,95.9,0.002896282,0.001247277,1.89838,0.452512,86,0.383,0.255272505,0.342422681,0.204119983,1.898121576,1.981818607,-2.538159155,-2.904037086,0.27838315,20.6556301,1.934498451,-0.416801226,0.001379057,0.000612963,0.004833837,0.01085626,1.57E-12,0.000294621,0.000374639,0.280647318,0.005903845,0.008431703,0.058056077
71122,276.576,47.102,68.7,5.8,0.4,139.8,69.4,4.14E-05,5.65E-06,1.68343,1.90E-05,145,1.14,1.836956737,0.763427994,-0.397940009,2.145507171,1.84135947,-4.382999659,-5.247951552,0.226195062,16.2787536,2.161368002,0.056904851,0.062884987,0.001774365,0.001208459,0.029574907,1.13E-12,4.21E-06,1.70E-06,0.141115605,2.48E-07,0.022645146,0.185001342
071112C,39.218,28.368,15,30,8,83.6,125,0.031449936,0.009261924,1.67267,0.366707,92,0.823,1.176091259,1.477121255,0.903089987,1.922206277,2.096910013,-1.502380234,-2.033298787,0.223410268,20.5643192,1.963787827,-0.084600165,0.013514756,0.009581572,0.024169184,0.012246823,2.04E-12,0.003199214,0.002781963,0.134130905,0.004784362,0.009877138,0.131841964
71031,6.399,-58.048,180,9,0.5,102.8,522,0.021756813,0.009918051,1.78089,8.93E-05,114,2.692,2.255272505,0.954242509,-0.301029996,2.011993115,2.717670503,-1.662404721,-2.003573663,0.250637095,16.95085146,2.056904851,0.430075056,0.165210996,0.002806723,0.001510574,0.018166738,8.53E-12,0.00221319,0.002979041,0.204380368,1.17E-06,0.015177066,0.445264288
070724A,27.824,-18.61,0.4,0.3,1,66.76,64.4,7.97E-06,1.08E-06,1.64009,1.2966,58,0.457,-0.397940009,-0.522878745,0,1.824516328,1.808885867,-5.098541679,-5.966576245,0.214867681,21.11280602,1.763427994,-0.3400838,9.19E-05,0,0.003021148,0.007054565,1.05E-12,8.11E-07,3.24E-07,0.112982064,0.016916513,0.001686341,0.070465522
070714B,57.853,28.294,64,7.2,2.7,61.37,243,0.004316754,0.001210303,2.07429,4.3976,70,0.92,1.806179974,0.857332496,0.431363764,1.787956123,2.385606274,-2.3648427,-2.91710589,0.316869474,21.64321572,1.84509804,-0.036212173,0.058563942,0.002226022,0.0081571,0.005392672,3.97E-12,0.000439118,0.000363533,0.394836775,0.057374718,0.00457721,0.148108398
70611,2.004,-29.756,12.2,3.91,0.82,3287.17,5610,0.01543028,0.00635056,1.79969,3.58E-06,3295,2.04,1.086359831,0.592176757,-0.086186148,3.516822165,3.748962861,-1.811626193,-2.197187976,0.255197704,15.55388303,3.517855419,0.309630167,0.010940517,0.001164629,0.002477341,1,9.17E-11,0.00156963,0.00190749,0.216584118,4.67E-08,0.781498434,0.335927019
70529,283.717,20.648,109.2,25.7,1.43,130.96,4,0.034571205,0.012720645,1.97999,36.5193,134,2.4996,2.038222638,1.409933123,0.155336037,2.117138666,0.602059991,-1.461285483,-1.895490867,0.296662997,22.56252244,2.127104798,0.397870516,0.100119518,0.008194341,0.004320242,0.02684928,6.37E-14,0.003516722,0.003820844,0.333623281,0.476460918,0.019995182,0.412999732
70508,312.832,-78.382,20.9,196,24.1,75.92,159,0.27251023,0.07554639,1.82568,7.81747,68,0.82,1.320146286,2.292256071,1.382017043,1.880356199,2.201397124,-0.56461719,-1.121786284,0.261424658,21.89306622,1.832508913,-0.086186148,0.018939046,0.063135142,0.072809668,0.009878858,2.60E-12,0.027720836,0.022691537,0.233455154,0.101993163,0.004095399,0.131338878
70506,347.203,10.711,4.3,2.1,0.96,126.99,25.3,0.14027144,0.0945646,2.03312,6.57188,459,2.31,0.633468456,0.322219295,-0.017728767,2.103769523,1.403120521,-0.853030745,-1.02427141,0.308163013,21.81768962,2.661812686,0.36361198,0.003677485,0.000580701,0.002900302,0.025625214,4.12E-13,0.014268975,0.028403953,0.368111859,0.085742169,0.098289569,0.381204722
070429B,328.006,-38.857,0.47,0.63,1.76,256.26,0.699,0.002380146,0.001155854,3.00655,6.34239,230,0.904,-0.327902142,-0.200659451,0.245512668,2.408680822,-0.155522824,-2.623396402,-2.93709702,0.478068431,21.80225294,2.361727836,-0.04383157,0.000156293,0.000106462,0.005317221,0.065482889,9.80E-15,0.000242118,0.000347179,1,0.082748053,0.043122139,0.145425275
070419A,182.755,39.903,115.6,5.58,0.2,112.89,375,3.70E-07,2.09E-08,2.18444,4.44549,115,0.97,2.062957834,0.746634199,-0.698970004,2.052655473,2.574031268,-6.431798276,-7.679853714,0.33934012,21.64791964,2.06069784,-0.013228266,0.106003494,0.001703391,0.00060423,0.021277777,6.13E-12,3.76E-08,6.28E-09,0.46633907,0.05799953,0.015417972,0.156493158
70411,107.342,1.061,121.5,27,0.91,96.48,510,0.05646576,0.02344524,2.2428,20.9602,243,2.954,2.084576278,1.431363764,-0.040958608,1.984437295,2.707570176,-1.248214822,-1.629945317,0.350790547,22.32139542,2.385606274,0.470410491,0.111427783,0.008613737,0.002749245,0.0162181,8.33E-12,0.005743924,0.007042144,0.504222628,0.273464063,0.046253915,0.489200429
70318,48.486,-42.95,74.6,24.8,1.76,63.58,261,0.12982076,0.06677219,1.97117,7.54446,180,0.836,1.872738827,1.394451681,0.245512668,1.803320524,2.416640507,-0.886655853,-1.17540438,0.294724081,21.87762816,2.255272505,-0.077793723,0.068309276,0.007903991,0.005317221,0.006074079,4.26E-12,0.013205889,0.020056069,0.327897904,0.09843125,0.031076849,0.134022002
70306,148.154,10.44,209.5,53.8,4.07,153.2,1280,0.9214605,0.213021,1.94468,27.6984,146,1.497,2.321184027,1.730782276,0.609594409,2.185258765,3.10720997,-0.035523277,-0.671577581,0.288848148,22.44245468,2.164352856,0.1752218,0.192332445,0.017259735,0.012296073,0.033706514,2.09E-11,0.093734665,0.063984182,0.3107023,0.361376179,0.022886052,0.244868527
70208,197.891,61.942,47.7,4.45,0.9,115.48,1.04,0.0377321,0.01445409,2.20341,7.32362,119,1.165,1.678518379,0.648360011,-0.045757491,2.062506775,0.017033339,-1.423289023,-1.840009245,0.343095316,21.8647258,2.075546961,0.066325925,0.043578193,0.001338839,0.002719033,0.022076348,1.54E-14,0.003838261,0.004341511,0.478653173,0.095549989,0.016381595,0.189193721
70129,36.995,11.728,460.6,29.8,0.55,133.69,330,0.1187844,0.05312545,2.27617,1.635154,124,2.3384,2.663323934,1.474216264,-0.259637311,2.126098923,2.51851394,-0.925240592,-1.274697378,0.357204695,21.21355866,2.093421685,0.368918802,0.42318654,0.00951705,0.001661631,0.027691017,5.39E-12,0.012083227,0.015957058,0.525884285,0.021333568,0.017586124,0.385967266
70110,0.934,-52.978,88.4,16.2,0.6,93.44,213,0.07079345,0.044737,2.08596,2.50592,104,2.352,1.946452265,1.209515015,-0.22184875,1.97053283,2.328379603,-1.150006923,-1.349333142,0.319305976,21.3989672,2.017033339,0.371437317,0.080996598,0.005129529,0.001812689,0.01528078,3.48E-12,0.007201394,0.013437456,0.402412188,0.0326943,0.012768008,0.388247921
061222B,105.353,-25.866,40,22.4,1.59,145.08,130,6.83E-05,1.02E-05,1.91478,42.8659,146,3.355,1.602059991,1.350248018,0.201397124,2.161607547,2.113943352,-4.165579296,-4.991399828,0.282118883,22.63211195,2.164352856,0.525692525,0.036499035,0.007129722,0.004803625,0.031202883,2.12E-12,6.95E-06,3.06E-06,0.291293143,0.559263898,0.022886052,0.556446203
061222A,358.254,46.524,71.4,79.9,8.53,101.02,1510,0.8398588,0.31370252,1.92748,36.8645,110,2.088,1.853698212,1.902546779,0.930949031,2.004407364,3.178976947,-0.075793723,-0.503481993,0.28498988,22.56660835,2.041392685,0.319730494,0.065367289,0.025679905,0.025770393,0.017617913,2.47E-11,0.085433812,0.094225447,0.299537166,0.480964682,0.014213443,0.343976389
61201,332.079,-74.568,0.76,3.34,3.86,81.32,10,0.015833376,0.003697704,1.65934,1.467448,86,0.111,-0.119186408,0.523746467,0.586587305,1.91019737,1,-1.800426475,-2.432067857,0.219935382,21.16656272,1.934498451,-0.954677021,0.000422911,0.00098074,0.011661631,0.011543834,1.62E-13,0.001610635,0.001110663,0.125477926,0.019145537,0.008431703,0.012442984
61121,147.228,-13.188,81.3,137,21.1,55.4,1840,0.6089238,0.192577,1.90181,5.66912,62,1.314,1.910090546,2.136720567,1.324282455,1.743509765,3.264817823,-0.215437051,-0.715395583,0.279167127,21.75351565,1.792391689,0.118595365,0.074469063,0.044101042,0.063746224,0.003551949,3.01E-11,0.061942176,0.057843507,0.282873853,0.073964017,0.002649964,0.214180306
061110B,323.912,6.872,134,13.3,0.45,3042.21,0.099,0.00364004,0.000966909,2.21817,28.9432,3046,3.44,2.127104798,1.123851641,-0.346787486,3.48318919,-1.004364805,-2.438893844,-3.014614397,0.345994827,22.46154655,3.483729899,0.536558443,0.122919923,0.004193954,0.001359517,0.924471756,0,0.000370279,0.000290426,0.488234416,0.377616867,0.721512888,0.570700295
061110A,336.284,-2.252,40.7,10.6,0.53,69.22,522,0.0099102,0.00601252,1.82722,3.75E-05,71,0.758,1.609594409,1.025305865,-0.27572413,1.840231595,2.717670503,-2.003917581,-2.220943466,0.26179084,16.57403127,1.851258349,-0.120330794,0.037142594,0.003322902,0.001601208,0.007813054,8.53E-12,0.001008105,0.001805954,0.234454823,4.89E-07,0.004818116,0.120941776
61021,145.146,-21.953,46.2,29.6,6.11,72.79,268,0.32195809,0.14521797,1.99282,0.743722,80,0.3463,1.664641976,1.471291711,0.78604121,1.862071719,2.428134794,-0.492200658,-0.837979639,0.299468073,20.87141063,1.903089987,-0.460547508,0.042199136,0.009452528,0.018459215,0.008913788,4.38E-12,0.032750871,0.043618483,0.341951691,0.009703211,0.006986268,0.051901664
61007,46.299,-50.496,75.3,444,14.6,80.45,3360,0.10166368,0.03237049,1.99824,5.51902,80,1.261,1.876794976,2.64738297,1.164352856,1.905526048,3.526339277,-0.992834174,-1.489850727,0.300647648,21.74186197,1.903089987,0.100715087,0.068952836,0.143142885,0.044108761,0.011275587,5.49E-11,0.010341638,0.009722982,0.345470007,0.072005688,0.006986268,0.20529246
60926,263.926,13.039,8,2.19,1.09,59.95,10,0.0161496,0.005608116,2.00443,31.626,57,3.208,0.903089987,0.340444115,0.037426498,1.777789187,1,-1.79183823,-2.251183012,0.301990894,22.50004427,1.755874856,0.50623436,0.007079158,0.000609736,0.003293051,0.004954845,1.62E-13,0.001642802,0.001684485,0.349488157,0.412618889,0.001445435,0.531795009
060912A,5.285,20.971,5,13.5,8.58,108.88,10,0.02826868,0.0122934,1.8948,2.33014,113,0.937,0.698970004,1.130333768,0.933487288,2.036948112,1,-1.54869447,-1.910327987,0.277563376,21.36738202,2.053078443,-0.028260409,0.004321044,0.004258477,0.02592145,0.020041378,1.62E-13,0.002875604,0.003692515,0.278323412,0.030400929,0.01493616,0.150959217
60908,31.828,0.335,19.3,28,3.03,71.68,49.8,0.02019787,0.00606949,2.13395,6.44944,80,1.8836,1.285557309,1.447158031,0.481442629,1.855397997,1.697229343,-1.694694427,-2.2168478,0.329184239,21.80952201,1.903089987,0.274988682,0.017468052,0.008936349,0.009154079,0.008571543,8.12E-13,0.002054609,0.001823066,0.433564209,0.084144715,0.006986268,0.30969949
060904B,58.218,-0.729,171.5,16.2,2.44,68.81,42.9,0.04547384,0.01532217,2.18877,3.90147,71,0.703,2.234264124,1.209515015,0.387389826,1.837651558,1.632457292,-1.342238371,-1.814679723,0.340200127,21.59122827,1.851258349,-0.153044675,0.157396341,0.005129529,0.007371601,0.007686639,6.99E-13,0.004625782,0.004602253,0.469149827,0.050901797,0.004818116,0.11171854
60814,221.338,20.591,145.3,146,7.27,71.54,5670,0.2777528,0.070448,2.11591,10.1577,80,0.84,2.162265614,2.164352856,0.861534411,1.854548936,3.753583059,-0.556341554,-1.152131332,0.325497191,22.00679538,1.903089987,-0.075720714,0.133308817,0.047004549,0.021963746,0.008528377,9.26E-11,0.028254131,0.021160156,0.421853802,0.132525735,0.006986268,0.134692782
60729,95.287,-62.221,115.3,26.1,1.17,124.39,7700,1.7049378,0.8136226,2.02393,0.913472,135,0.54,2.061829307,1.416640507,0.068185862,2.094785468,3.886490725,0.23170854,-0.089576997,0.306195488,20.96069524,2.130333768,-0.26760624,0.105727682,0.008323386,0.003534743,0.024823559,1.26E-10,0.173433125,0.244384245,0.362146302,0.011917909,0.020236088,0.084384223
60719,18.42,-48.381,66.9,15,2.16,128.76,300,0.05378834,0.020716404,2.57067,3.34098,67,1.532,1.825426118,1.176091259,0.334453751,2.109780968,2.477121255,-1.269311859,-1.683685628,0.410046329,21.52387388,1.826074803,0.185258765,0.061230119,0.004742394,0.00652568,0.026170956,4.90E-12,0.005471566,0.006222495,0.717054742,0.043589182,0.003854493,0.250737859
60714,227.855,-6.544,115,28.3,1.28,99,1000,0.08261892,0.03048066,2.04425,10.2942,109,2.71,2.06069784,1.451786436,0.10720997,1.995635195,3,-1.082920486,-1.515975633,0.310534006,22.0125926,2.037426498,0.432969291,0.105451871,0.009033132,0.003867069,0.016995088,1.63E-11,0.008404329,0.009155342,0.375336739,0.134306626,0.013972537,0.448282801
60707,357.069,-17.904,66.2,16,1.01,120.51,10,0.1694203,0.0690354,2.09345,1.61614,126,3.43,1.820857989,1.204119983,0.004321374,2.081023086,1,-0.771034554,-1.160928154,0.320862593,21.20847898,2.100370545,0.53529412,0.060586559,0.005065006,0.00305136,0.023627243,1.62E-13,0.017234114,0.02073586,0.407274214,0.021085496,0.018067935,0.569023343
60614,320.877,-53.027,108.7,204,11.5,91.4,6000,0.550962,0.20174922,1.89544,0.325209,101,0.13,2.036229544,2.309630167,1.06069784,1.960946196,3.77815125,-0.258878354,-0.695188136,0.277710041,20.51216256,2.004321374,-0.886056648,0.099659833,0.065716037,0.034743202,0.014651789,9.80E-11,0.056046069,0.060598527,0.278738859,0.004242945,0.01204529,0.015629192
060607A,329.705,-22.496,102.2,25.5,1.4,65.2,327,0.112086,0.00758268,1.61002,6.25383,179,3.082,2.009450896,1.40654018,0.146128036,1.814247596,2.514547753,-0.950448629,-2.120177271,0.206831271,21.79614607,2.252853031,0.488832634,0.09368392,0.008129819,0.004229607,0.006573572,5.34E-12,0.011401838,0.002277576,0.093462555,0.081592626,0.030835943,0.510665415
60605,322.128,-6.071,79.1,6.97,0.46,92.39,0.999,0.03695148,0.003680676,2.02128,5.93387,97,3.8,1.898176483,0.843232778,-0.337242168,1.965624967,-0.000434512,-1.432368162,-2.434072411,0.305626479,21.77333803,1.986771734,0.579783597,0.072446447,0.002151821,0.001389728,0.014957034,1.47E-14,0.003758853,0.001105548,0.360426093,0.077418164,0.011081667,0.631070566
60604,337.224,-10.945,95,4.02,0.34,108.83,293,0.0842095,0.03245334,2.1711,9.77306,99,2.1357,1.977723605,0.604226053,-0.468521083,2.036748629,2.46686762,-1.074638911,-1.4887406,0.336679827,21.99003057,1.995635195,0.329540248,0.087064448,0.001200116,0.00102719,0.020025961,4.79E-12,0.008566129,0.009747867,0.4576796,0.127507404,0.011563479,0.351975449
60526,232.834,0.288,298.2,12.6,1.67,73.23,35.8,0.08994752,0.023567942,1.90677,1.29E-05,81,3.21,2.474507639,1.100370545,0.222716471,1.864689034,1.553883027,-1.046010806,-1.627678339,0.28029831,16.11058971,1.908485019,0.506505032,0.273880666,0.003968126,0.005045317,0.009049453,5.83E-13,0.009149823,0.007078999,0.286093566,1.68E-07,0.007227174,0.5321304
60522,322.954,2.895,71.1,11.4,0.55,144.4,10,0.015938384,0.00685967,2.1794,35.5534,129,5.11,1.851869601,1.056904851,-0.259637311,2.159567193,1,-1.797555714,-2.163696777,0.338336947,22.55088114,2.11058971,0.7084209,0.065091477,0.003580992,0.001661631,0.03099322,1.62E-13,0.001621316,0.002060409,0.463067426,0.46385899,0.018790653,0.850751274
60512,195.748,41.209,8.5,2.32,0.88,101.77,26,0.01510587,0.00614778,2.70163,0.000023234,94,0.4428,0.929418926,0.365487985,-0.055517328,2.007619775,1.414973348,-1.820854257,-2.211281682,0.43162587,16.36612399,1.973127854,-0.353792388,0.007538843,0.000651676,0.00265861,0.017849159,4.23E-13,0.00153663,0.001846582,0.80206555,3.03E-07,0.01035895,0.06808425
060510B,239.259,78.591,275.2,40.7,0.57,118.81,715,0.013960065,0.006619445,2.1317,10.0498,111,4.9,2.43964843,1.609594409,-0.244125144,2.074852996,2.854306042,-1.85511256,-2.179178422,0.328726085,22.00215742,2.045322979,0.69019608,0.252735129,0.013033519,0.001722054,0.023103084,1.17E-11,0.001420074,0.001988254,0.432103654,0.131117982,0.014454348,0.815535283
060502A,240.937,66.604,28.4,23.1,1.69,76.29,130,0.20697444,0.08671104,2.02719,2.86367,84,1.51,1.45331834,1.36361198,0.227886705,1.882467615,2.113943352,-0.684083284,-1.061925605,0.306894455,21.45692297,1.924279286,0.178976947,0.025834329,0.007355551,0.00510574,0.009992939,2.12E-12,0.021054272,0.026045014,0.364262485,0.037361802,0.007949892,0.247048565
60418,236.431,-3.64,103.1,83.3,6.52,77.97,1600,0.0494304,0.0146032,1.94118,4.50436,88,1.49,2.013258665,1.920645001,0.814247596,1.891927534,3.204119983,-1.306005875,-1.835551967,0.288065808,21.65363309,1.944482672,0.173186268,0.094511354,0.026776785,0.019697885,0.010510932,2.61E-11,0.005028259,0.004386299,0.308430325,0.058767597,0.008913515,0.243694661
60210,57.727,27.015,255,76.6,2.72,94.95,461,0.5142445,0.18410275,2.08163,24.4198,98,3.91,2.40654018,1.88422877,0.434568904,1.977494969,2.663700925,-0.288830345,-0.734939724,0.318403538,22.3877421,1.991226076,0.592176757,0.234163832,0.024615285,0.008217523,0.015746356,7.53E-12,0.052311017,0.055298134,0.399601431,0.318600858,0.011322573,0.649517038
60115,54.007,17.339,139.6,17.1,0.87,112.62,406,0.05621616,0.02030076,2.10553,2.71364,119,3.53,2.144885418,1.23299611,-0.060480747,2.051615523,2.608526034,-1.250138823,-1.692487703,0.323361434,21.43355223,2.075546961,0.547774705,0.128068401,0.005419879,0.002628399,0.021194528,6.63E-12,0.005718534,0.00609765,0.415115773,0.035404386,0.016381595,0.585792863
051109A,330.316,40.85,37.2,22,3.94,119.66,6.12E+13,0.2852088,0.1093708,2.06584,9.34485,109,2.346,1.57054294,1.342422681,0.595496222,2.077948999,13.78675142,-0.544837079,-0.961098611,0.315096682,21.97057233,2.037426498,0.370328008,0.033924795,0.007000677,0.011903323,0.023365163,1,0.029012585,0.032851227,0.389351578,0.121920623,0.013972537,0.387241749
