XRT Spectral Index (Gamma),XRT Column Density,XRT Early Flux,BAT T90,Redshift,,Log(XRT Spectral Index (Gamma)),Log(XRT Column Density),Log(XRT Early Flux),Log(BAT T900,Log(Redshift),,Norm(XRT Spectral Index (Gamma)),Norm(XRT Column Density),Norm(XRT Early Flux),Norm(BAT T90),Norm(Redshift)
1.88143,8.36907,79.1,8.98,4.06,,0.274488065,21.9226772,1.898176483,0.953276337,0.608526034,,0.048686351,0.024546688,1.29173E-12,0.008062218,0.674671317
1.836,5.4,2510,1068.4,0.151,,0.263872677,21.73239376,3.399673721,3.028733879,-0.821023053,,0.043361666,0.023953971,4.10123E-11,0.981981816,0.019150792
1.78537,9.89303,60.1,49.81,4.961,,0.251728233,21.99532933,1.778874472,1.697316542,0.695569227,,0.037427508,0.02329341,9.81275E-13,0.045597036,0.82576469
1.62241,8.01125,1300,173.36,4.61,,0.210160615,21.90370028,3.113943352,2.238948898,0.663700925,,0.018327559,0.021167299,2.12411E-11,0.159175944,0.766903676
1.70788,3.41368,1250,180.8,1.736,,0.232457353,21.53322281,3.096910013,2.257198426,0.239549721,,0.028345187,0.022282412,2.04241E-11,0.166015499,0.284947679
2.06317,0.832807,79.6,22.51,1.2525,,0.314535014,20.92054437,1.900913068,1.352375495,0.097777735,,0.069987435,0.026917818,1.2999E-12,0.02050028,0.203867051
1.83712,0.347208,290,50.2,1.145,,0.264137525,20.54058972,2.462397998,1.700703717,0.058805487,,0.043492937,0.023968583,4.73781E-12,0.045955561,0.185839818
1.96307,2.26212,1000,138.2,1.1757,,0.292935786,21.35451564,3,2.140508043,0.070296518,,0.058255079,0.025611831,1.63391E-11,0.126853529,0.19098806
1.92306,6.82815,427,60.9,1.937,,0.283992835,21.83430305,2.630427875,1.784617293,0.287129621,,0.053565652,0.025089827,6.97637E-12,0.055792019,0.318654414
1.91684,1.09095,1070,69.38,1.13,,0.282585864,21.03780485,3.029383778,1.841234296,0.053078443,,0.052836628,0.025008676,1.74829E-11,0.063587641,0.18332439
2.07522,1.698663,64.1,5,0.999,,0.317064144,21.23010723,1.80685803,0.698970004,-0.000434512,,0.071399772,0.027075032,1.04663E-12,0.004403423,0.161356319
1.88219,1.22933,930,13.04,1.25,,0.274663462,21.08966848,2.968482949,1.115277591,0.096910013,,0.048775428,0.024556604,1.51953E-11,0.011794556,0.203447813
1.90881,5.74E-05,126,458,1.465,,0.280762702,16.75891189,2.100370545,2.660865478,0.165837625,,0.051895461,0.02490391,2.05807E-12,0.420844097,0.239502281
1.843,2.13E-05,972,48,1.19,,0.265525335,16.3283796,2.987666265,1.681241237,0.075546961,,0.044182111,0.024045299,1.58816E-11,0.043933112,0.193386101
1.54076,0.200376,181,37.7,3.503,,0.187734995,20.3018457,2.257678575,1.57634135,0.544440137,,0.008757659,0.020102026,2.95676E-12,0.034464373,0.581265093
2.0913,11.196957,77.5,58.2,0.0785,,0.320416337,22.04910001,1.889301703,1.764922985,-1.105130343,,0.07328445,0.027284825,1.26559E-12,0.053309922,0.00699289
1.5415,0.899137,1690,185.7,2.469,,0.187943529,20.95382587,3.227886705,2.268811904,0.39252109,,0.008844392,0.020111681,2.76136E-11,0.170520045,0.407868259
1.95997,1.807500377,79.8,1.6,1.942,,0.292249424,21.2570784,1.902002891,0.204119983,0.288249226,,0.057891739,0.025571386,1.30317E-12,0.00127782,0.31949289
1.80689,76.647,7390,361.5,0.42,,0.256931714,22.88449516,3.868644438,2.558108302,-0.37675071,,0.039949789,0.023574178,1.20751E-10,0.332132121,0.0642608
1.83214,4.41327,118,66.6,3.3765,,0.262958657,21.6447605,2.071882007,1.823474229,0.528466754,,0.042909249,0.02390361,1.92735E-12,0.061032001,0.56005165
1.94587,5.53E-07,1980,76.8,1.86,,0.289113822,14.74272513,3.29666519,1.88536122,0.269512944,,0.056239129,0.025387425,3.23522E-11,0.070408811,0.305741884
1.76057,0.766177067,5820,138.4,1.505,,0.245653297,20.88432915,3.764922985,2.14113609,0.1775365,,0.03452079,0.022969849,9.50973E-11,0.127037388,0.246210089
1.93674,0.453975,604,238,2.938,,0.287071322,20.65703194,2.781036939,2.376576957,0.468051791,,0.055169035,0.025268308,9.86853E-12,0.218599178,0.486517306
1.70111,3.866656,79.2,8.68,0.117,,0.230732398,21.58733554,1.898725182,0.938519725,-0.931814138,,0.0275517,0.022194085,1.29337E-12,0.007786429,0.013449155
2.06008,1.26899,193,486.4,2.855,,0.313884086,21.1034582,2.285557309,2.686993566,0.455606113,,0.069625268,0.026877503,3.15284E-12,0.446952077,0.472598605
1.99236,1.646011,704,198.8,1.1175,,0.299367814,21.21643273,2.847572659,2.29841638,0.048247532,,0.061688053,0.025993972,1.15025E-11,0.182562811,0.1812282
1.86768,2.62957,45.7,210,1.998,,0.271302468,21.41988474,1.6599162,2.322219295,0.300595484,,0.047074764,0.024367294,7.4598E-13,0.192858916,0.328883821
1.85846,13.9058,468,94.1,2.25,,0.269153218,22.14319598,2.670245853,1.973589623,0.352182518,,0.045994121,0.024247002,7.64631E-12,0.086312615,0.37114301
1.76908,7.38E-13,158,51.2,1.445,,0.247747473,8.868056362,2.198657087,1.709269961,0.159867847,,0.035518216,0.023080877,2.58095E-12,0.046874856,0.236148377
1.88733,3.11456,95,15.5,1.409,,0.275847843,21.4933967,1.977723605,1.190331698,0.148910993,,0.049377869,0.024623664,1.55154E-12,0.014056022,0.23011135
1.9512,0.411125,35.7,40.9,2.487,,0.290301787,20.61397389,1.552668216,1.611723308,0.395675785,,0.056863839,0.025456965,5.82582E-13,0.037406117,0.410886772
1.99001,0.106857003,669,174.8,2.409,,0.298855259,20.02880299,2.825426118,2.242541428,0.3818368,,0.061412618,0.025963312,1.09306E-11,0.160499729,0.397806547
1.66173,0.0472535,281,189.4,0.0368,,0.22056046,19.67443398,2.44870632,2.277379975,-1.434152181,,0.022936113,0.021680301,4.59075E-12,0.173921437,0
1.89159,1.227214,157,217.3,2.01,,0.276827009,21.0889203,2.195899652,2.337059726,0.303196057,,0.049877168,0.024679244,2.56461E-12,0.19956977,0.330896163
2.06685,4.31E-12,273,164.13,2.366,,0.315308959,9.63447727,2.436162647,2.215187969,0.37401474,,0.070418755,0.02696583,4.46003E-12,0.15069085,0.390595653
1.97351,2.18739,358,216.4,0.818,,0.295239331,21.33992622,2.553883027,2.335257256,-0.087246696,,0.059478713,0.02574804,5.84892E-12,0.198742404,0.131003488
1.99768,5.19173,221,46.2,3.645,,0.300525922,21.7153121,2.344392274,1.664641976,0.561697533,,0.062311591,0.026063381,3.61036E-12,0.042278381,0.605077811
1.81917,2.77299,101,20.66,1.968,,0.259873285,21.4429483,2.004321374,1.315130317,0.294025094,,0.041389083,0.023734393,1.64958E-12,0.018799584,0.323852965
1.92624,7.53995,804,125.7,1.549,,0.284710397,21.87736847,2.905256049,2.099335278,0.190051418,,0.053938368,0.025131316,1.31365E-11,0.11536234,0.253588677
2.00325,1.447928,863,105.1,1.159,,0.301735151,21.16074697,2.936010796,2.021602716,0.064083436,,0.06296443,0.026136052,1.41006E-11,0.096424861,0.18818755
1.99404,1.58757,324,216.3,2.0127,,0.299733866,21.20073288,2.51054501,2.335056519,0.303779047,,0.06188496,0.026015891,5.29337E-12,0.198650475,0.33134894
1.65672,1.33E-11,104,8.2,1.717,,0.219249115,10.12385164,2.017033339,0.913813852,0.234770295,,0.022348909,0.021614936,1.69859E-12,0.007345168,0.28176147
1.93554,0.532793,101,28,4.99,,0.286802151,20.72655851,2.004321374,1.447158031,0.698100546,,0.055028387,0.025252652,1.64958E-12,0.02554721,0.830627851
1.72551,2.62964,267,316.5,2.38,,0.236917481,21.4198963,2.426511261,2.500373714,0.376576957,,0.030411535,0.022512427,4.36199E-12,0.290763842,0.392943386
2.02332,4.79697,1290,325,0.97,,0.306064574,21.680967,3.11058971,2.511883361,-0.013228266,,0.065316762,0.026397902,2.10777E-11,0.298577851,0.156493158
1.78024,0.606749,185,76.93,3.5,,0.250478555,20.78300907,2.267171728,1.886095732,0.544068044,,0.036826239,0.02322648,3.02212E-12,0.070528319,0.580762007
1.81176,41.4649,53.7,80,4.063,,0.258100667,22.61768062,1.729974286,1.903089987,0.608846822,,0.040520584,0.023637716,8.76699E-13,0.073350555,0.675174403
2.00612,4.47471,708,129.69,0.38,,0.302356908,21.65076489,2.850033258,2.11290649,-0.420216403,,0.063300812,0.026173497,1.15679E-11,0.119030328,0.057552992
1.96079,21.701,2760,110.2,2.33,,0.292431083,22.33647975,3.440909082,2.042181595,0.367355921,,0.057987848,0.025582084,4.50973E-11,0.101113266,0.384558626
1.79,0.86,557,164.7,1.968,,0.252853031,20.93449845,2.745855195,2.216693599,0.294025094,,0.037970173,0.023353817,9.10056E-12,0.151214848,0.323852965
1.78547,0.6957,223,112.2,1.359,,0.251752557,20.842422,2.348304863,2.049992857,0.133219457,,0.037439229,0.023294715,3.64304E-12,0.102951857,0.22172659
2.21622,21.9065,349,172.1,0.755,,0.34561287,22.340573,2.542825427,2.23578087,-0.122053048,,0.087925869,0.028914635,5.70186E-12,0.158017632,0.120438691
1.9776,0.886699,1590,123.3,0.282,,0.296138453,20.94777622,3.201397124,2.090963077,-0.549750892,,0.059958087,0.025801401,2.59796E-11,0.113156032,0.041118862
1.79253,1.08E-09,893,88,0.313,,0.253466433,12.03342376,2.950851459,1.944482672,-0.504455662,,0.038266705,0.023386825,1.45908E-11,0.080704915,0.046317413
1.98937,1.044425,287,91,3,,0.298715564,21.01887726,2.457881897,1.959041392,0.477121255,,0.061337606,0.025954962,4.68879E-12,0.083462801,0.496914408
1.70996,6.17159,634,40.9,2.06,,0.232985951,21.79039707,2.802089258,1.611723308,0.31386722,,0.028588976,0.022309549,1.03587E-11,0.037406117,0.339280923
2.0639,4.92829,3250,149.6,0.593,,0.314688651,21.69269626,3.511883361,2.174931594,-0.226945307,,0.070072996,0.026927342,5.31038E-11,0.137333493,0.093272069
1.84772,10.4028,585,14.79,1.758,,0.26663616,22.01715025,2.767155866,1.169968174,0.245018871,,0.044735325,0.02410688,9.55807E-12,0.013403322,0.288636973
1.82177,9.36766,235,83.2,2.087,,0.260493546,21.97163112,2.371067862,1.920123326,0.319522449,,0.041693819,0.023768314,3.83912E-12,0.076292299,0.343808693
1.80565,3.06016,37.6,7.21,1.3195,,0.256633572,21.48574413,1.575187845,0.857935265,0.120409395,,0.039804453,0.023558,6.13627E-13,0.006435066,0.215102629
1.93447,3.94373,607,549.9,1.47,,0.286561999,21.59590717,2.783188691,2.74028372,0.167317335,,0.054902977,0.025238692,9.91755E-12,0.505327315,0.240340757
1.95256,13.4825,1180,200,2.993,,0.290604388,22.12977043,3.071882007,2.301029996,0.476106717,,0.05702324,0.025474709,1.92803E-11,0.183665965,0.495740542
1.91933,2.84836,1580,146,3.35,,0.283149652,21.45459488,3.198657087,2.164352856,0.525044807,,0.053128472,0.025041163,2.58162E-11,0.13402403,0.555607727
2.00735,3.02766,54.6,79.2,1.21,,0.302623102,21.4811071,1.737192643,1.898725182,0.08278537,,0.063444976,0.026189544,8.91405E-13,0.072615119,0.196740005
1.63218,1.198516,10,0.3,0.351,,0.212768052,21.07864384,1,-0.522878745,-0.454692884,,0.019472665,0.021294767,1.62647E-13,8.27366E-05,0.052689831
1.82756,7.41044,1120,67.1,3.14,,0.261871644,21.869844,3.049218023,1.82672252,0.496929648,,0.042372444,0.023843856,1.82999E-11,0.061491648,0.520391736
1.95996,5.52967,60.8,42,2.275,,0.292247208,21.74269921,1.783903579,1.62324929,0.356981401,,0.057890567,0.025571255,9.92712E-13,0.038417342,0.37533539
1.77015,1.11E-09,73.4,720,4.233,,0.248010069,12.04532298,1.86569606,2.857332496,0.626648268,,0.035643627,0.023094837,1.19859E-12,0.661699409,0.703682587
1.93772,28.9394,367,60.5,4.707,,0.287291022,22.46148952,2.564666064,1.781755375,0.672744198,,0.055283897,0.025281094,5.99598E-12,0.055424301,0.78317011
1.84304,2.129332,2970,154.8,0.725,,0.265534761,21.32824338,3.472756449,2.189770956,-0.139661993,,0.044186799,0.02404582,4.85287E-11,0.142113827,0.115407835
1.74751,6.57119,1010,111.1,0.889,,0.24241967,21.81764402,3.004321374,2.045714059,-0.051098239,,0.032990075,0.022799457,1.65025E-11,0.101940632,0.142909847
2.15785,4.76398,399,173.6,1.6,,0.334021252,21.67796993,2.600972896,2.239549721,0.204119983,,0.081084534,0.028153091,6.51886E-12,0.159396575,0.262141132
1.87322,10.9886,509,94.7,3.956,,0.272588786,22.04094236,2.706717782,1.976349979,0.597256283,,0.047724087,0.024439574,8.31624E-12,0.086864193,0.657231017
2.30719,1.904905,36.3,8.43,1.02,,0.363083361,21.27987332,1.559906625,0.925827575,0.008600172,,0.098588132,0.030101504,5.92386E-13,0.007556606,0.164877918
2.01927,30.237,62.8,15.6,5.283,,0.305194393,22.4805387,1.797959644,1.193124598,0.722880611,,0.064842076,0.026345062,1.02539E-12,0.014147951,0.879762544
2.42752,7.36699,338,31,1.416,,0.385162817,21.86729008,2.5289167,1.491361694,0.151063253,,0.112691574,0.031671429,5.52212E-12,0.028305096,0.231285216
1.88134,10.1231,962,93.6,2.73,,0.274467289,22.00531353,2.983175072,1.971275849,0.436162647,,0.048675803,0.024545514,1.57182E-11,0.085852968,0.451636705
2.35235,1.35496,10,139.7,3,,0.37150194,21.13192647,1,2.145196406,0.477121255,,0.103881172,0.030690699,1.62647E-13,0.128232471,0.496914408
1.92381,4.97208,60.1,18,5.3,,0.284162178,21.69653811,1.778874472,1.255272505,0.72427587,,0.053653557,0.025099613,9.81275E-13,0.01635426,0.882613362
2.1927,3.58073,131,17.3,0.599,,0.340979217,21.55397157,2.117271296,1.238046103,-0.222573178,,0.085169176,0.028607773,2.13977E-12,0.015710753,0.09427824
2.09466,0.694683,5430,41.1,1.293,,0.321113539,20.84178667,3.73479983,1.613841822,0.111598525,,0.073678264,0.027328663,8.87247E-11,0.037589976,0.210658707
1.99054,1.79173,6330,360,1.238,,0.298970909,21.25327257,3.80140371,2.556302501,0.092720645,,0.061474737,0.025970227,1.03431E-10,0.330753178,0.201435471
1.79449,0.0703922,88.7,32.5,0.4791,,0.253941043,19.84752454,1.94792362,1.511883361,-0.319573829,,0.03849643,0.023412397,1.44859E-12,0.029684038,0.074171586
1.9213,0.510222,136,4.38,1.155,,0.283595183,20.70775918,2.133538908,0.641474111,0.062581984,,0.053359369,0.025066865,2.22147E-12,0.003833461,0.18751677
2.18734,7.85251,92.2,4,2.006,,0.339916295,21.8950085,1.964730921,0.602059991,0.302330929,,0.08454095,0.028537842,1.50578E-12,0.003484128,0.330225382
2.04497,2.63573,43.7,46.4,2.092,,0.310686941,21.42090092,1.640481437,1.666517981,0.32056168,,0.06785428,0.026680366,7.13301E-13,0.04246224,0.344647169
1.86465,0.177676,164,276.58,5.91,,0.270597326,20.24962877,2.214843848,2.441820772,0.771587481,,0.046719628,0.024327762,2.67899E-12,0.254065583,0.984907432
2.08823,2.23996,176,37.7,1.06,,0.319778331,21.35024026,2.245512668,1.57634135,0.025305865,,0.072924627,0.027244771,2.87507E-12,0.034464373,0.171585726
2.0604,1.577583,583,204,3.6,,0.313951541,21.19799222,2.765668555,2.309630167,0.556302501,,0.069662774,0.026881678,9.52539E-12,0.187343145,0.597531527
1.92439,0.524335,735,88,2.27,,0.284293091,20.71960885,2.866287339,1.944482672,0.356025857,,0.053721536,0.02510718,1.20091E-11,0.080704915,0.374496914
1.8144,0.44452598,115,27,2.78,,0.258733037,20.64789715,2.06069784,1.431363764,0.444044796,,0.040830009,0.023672159,1.87833E-12,0.024627915,0.460021465
1.78644,0.977721,43800,162.83,0.34,,0.251988434,20.99021494,4.641474111,2.211734423,-0.468521083,,0.037552919,0.02330737,7.15686E-10,0.149495767,0.050845184
1.68684,1.32281,155,300,1.218,,0.227073891,21.12149747,2.190331698,2.477121255,0.085647288,,0.025879165,0.022007906,2.53193E-12,0.275595473,0.198081567
2.0682,4.58545,664,182,1.023,,0.315592534,21.66138196,2.822168079,2.260071388,0.009875634,,0.070576983,0.026983444,1.08489E-11,0.167118653,0.165381003
1.98504,10.9723,158,23.3,2.2,,0.297769263,22.04029767,2.198657087,1.367355921,0.342422681,,0.060830102,0.02589847,2.58095E-12,0.021226524,0.362758251
2.37144,11.9499,610,62.6,1.773,,0.375012141,22.07736427,2.785329835,1.796574333,0.248708736,,0.106118641,0.030939763,9.96657E-12,0.05735482,0.291152401
2.00683,8.83441,110,69,2.298,,0.302510585,21.94617755,2.041392685,1.838849091,0.361350024,,0.063384029,0.02618276,1.79663E-12,0.063238309,0.37919238
2.06954,1.038387,2530,173,3.1,,0.315873825,21.01635924,3.403120521,2.238046103,0.491361694,,0.07073404,0.027000926,4.13391E-11,0.158844998,0.513683928
1.92121,8.26457,297,26.8,2.671,,0.283574838,21.91722026,2.472756449,1.428134794,0.426673888,,0.05334882,0.025065691,4.85219E-12,0.024444056,0.441742688
1.8831,2.228028,175,71.5,0.8,,0.274873383,21.34792064,2.243038049,1.854306042,-0.096910013,,0.048882086,0.024568476,2.85873E-12,0.065536547,0.127984975
1.86175,7.40E-07,51.4,72.8,1.48,,0.269921363,14.86923172,1.710963119,1.862131379,0.170261715,,0.04637973,0.024289927,8.39118E-13,0.06673163,0.242017709
1.94091,0.00172307,159,159,0.3984,,0.288005398,18.23630292,2.201397124,2.201397124,-0.39968067,,0.055657786,0.025322713,2.59729E-12,0.145974866,0.060638583
1.84163,4.75213,74.3,26.7,6,,0.265202381,21.67688831,1.870988814,1.426511261,0.77815125,,0.044021538,0.024027424,1.2133E-12,0.024352127,1
2.32199,6.82E-05,312,5.35,0.28,,0.365860345,16.83378437,2.494154594,0.728353782,-0.552841969,,0.100322786,0.030294597,5.09729E-12,0.004725177,0.040783472
1.89579,5.12667,73.4,38.7,2.876,,0.277790228,21.70983536,1.86569606,1.587710965,0.458788882,,0.050369434,0.02473404,1.19859E-12,0.035383668,0.476120204
1.75797,14.6619,541,62.9,2.81,,0.24501146,22.16619025,2.733197265,1.798650645,0.44870632,,0.034216054,0.022935927,8.83912E-12,0.057630609,0.465052321
1.86299,3.49005,201,69.6,1.798,,0.270210524,21.54283165,2.303196057,1.84260924,0.254789687,,0.046525066,0.024306105,3.28356E-12,0.063789886,0.295344781
1.61077,10.5203,1060,253.8,1.728,,0.207033532,22.02202812,3.025305865,2.404491618,0.237543738,,0.016963277,0.021015434,1.73195E-11,0.23312404,0.283606118
2.03824,2.59076,882,101.2,0.714,,0.30925532,21.41342718,2.945468585,2.005180513,-0.146301788,,0.067065481,0.026592561,1.4411E-11,0.092839611,0.113563188
1.80018,2.086314,296,106.8,0.297,,0.255315932,21.31937967,2.471291711,2.028571253,-0.527243551,,0.039163334,0.023486634,4.83585E-12,0.097987663,0.04363429
2.55463,2.24049,848,290,3.1516,,0.407328008,21.35034301,2.928395852,2.462397998,0.498531092,,0.127589675,0.033329811,1.38555E-11,0.266402523,0.522337
2.11569,3.68767,43.7,26.6,2.893,,0.325452033,21.56675205,1.640481437,1.424881637,0.461348434,,0.076143114,0.027603037,7.13301E-13,0.024260197,0.478971022
1.94053,14.8112,401,63.46,5,,0.287920361,22.17059025,2.603144373,1.802500068,0.698970004,,0.055613247,0.025317755,6.55154E-12,0.058145414,0.832304803
2.33721,3.67E-07,54.2,48,1.348,,0.368697736,14.56466606,1.733999287,1.681241237,0.129689892,,0.102106667,0.03049317,8.84869E-13,0.043933112,0.219881943
2.04784,2.45755,354,385,1.858,,0.311296022,21.39050236,2.549003262,2.58546073,0.26904571,,0.068190662,0.02671781,5.78356E-12,0.353735556,0.305406493
1.85145,9.11048,584,38.8,2.83,,0.267511988,21.95954126,2.766412847,1.588831726,0.451786436,,0.045172504,0.024155544,9.54173E-12,0.035475597,0.468406225
1.85342,11.8741,82.9,13,0.82,,0.267973845,22.0746007,1.918554531,1.113943352,-0.086186148,,0.045403401,0.024181246,1.35382E-12,0.011757784,0.131338878
1.90907,1.36895,205,10,1.613,,0.280821853,21.13638759,2.311753861,1,0.207634367,,0.051925935,0.024907302,3.34892E-12,0.008999899,0.26432117
1.89199,10.4926,62.1,25.9,1.77,,0.276918837,22.02088312,1.7930916,1.413299764,0.247973266,,0.04992405,0.024684463,1.01395E-12,0.023616691,0.290649316
1.96436,3.69049,109,48,1.46,,0.293221082,21.56708403,2.037426498,1.681241237,0.164352856,,0.058406275,0.025628661,1.78029E-12,0.043933112,0.238663805
1.93577,2.34655,1400,257,1.98,,0.286853755,21.37042981,3.146128036,2.409933123,0.29666519,,0.055055345,0.025255653,2.28751E-11,0.236065785,0.325865307
1.81612,1.311323,236,1088,0.847,,0.259144541,21.11770968,2.372912003,3.036628895,-0.07211659,,0.041031604,0.0236946,3.85546E-12,1,0.135866649
1.85684,0.314,96.8,34,0.5519,,0.268774483,20.49692965,1.985875357,1.531478917,-0.258139606,,0.045804247,0.024225867,1.58095E-12,0.031062981,0.086379796
2.02817,9.1618,2340,114.4,1.727,,0.307104354,21.96198081,3.369215857,2.058426024,0.237292338,,0.065885213,0.026461179,3.82345E-11,0.104974306,0.283438422
2.35636,4.49857,22000,428.8,4.5,,0.372241642,21.65307448,4.342422681,2.632254777,0.653212514,,0.104351169,0.030743017,3.59476E-10,0.39400068,0.748457204
1.91138,2.22759,131,2.9,0.8034,,0.281347037,21.34783526,2.117271296,0.462397998,-0.095068173,,0.052196682,0.02493744,2.13977E-12,0.002472904,0.128555138
1.89414,0.787196,618,174.5,1.44,,0.277412076,20.89608288,2.790988475,2.241795431,0.158362492,,0.050176044,0.024712513,1.00973E-11,0.16022394,0.235309901
1.90402,3.35678,2010,198.5,1.567,,0.279671506,21.52592288,3.303196057,2.297760511,0.195068996,,0.051334043,0.024841416,3.28424E-11,0.182287022,0.256607191
2.11575,3.36746,353,197.5,3.6,,0.32546435,21.52730245,2.547774705,2.2955671,0.556302501,,0.076150146,0.02760382,5.76722E-12,0.181367727,0.597531527
2.3024,19.2552,7490,63.6,0.542,,0.362180777,22.28454803,3.874481818,1.803457116,-0.266000713,,0.098026714,0.03003901,1.22385E-10,0.058274115,0.084719614
2.37643,12.8509,615,39,1.398,,0.375925026,22.10893354,2.788875116,1.591064607,0.145507171,,0.106703501,0.031004866,1.00483E-11,0.035659456,0.228266702
2.17077,0.342503,311,37,1.755,,0.336613811,20.53466438,2.492760389,1.568201724,0.244277121,,0.08259884,0.028321656,5.08095E-12,0.033820866,0.288133888
1.65736,2.00385,209,104,2.465,,0.219416853,21.30186521,2.320146286,2.017033339,0.391816924,,0.022423921,0.021623286,3.41428E-12,0.095413637,0.407197478
2.26662,4.16E-06,127,7,0.6235,,0.355378717,15.61909333,2.103803721,0.84509804,-0.205163542,,0.09383307,0.029572195,2.07441E-12,0.006242014,0.098386772
1.95801,2.79802,630,191,3.9,,0.291814906,21.44685081,2.799340549,2.281033367,0.591064607,,0.057662014,0.025545814,1.02934E-11,0.175392309,0.647840086
1.9307,0.000053533,196,17.9,4.813,,0.285714797,16.72862158,2.292256071,1.252853031,0.682415862,,0.054461109,0.025189505,3.20186E-12,0.01626233,0.800945801
2.11535,2.82219,180,39.2,2.752,,0.325382235,21.45058625,2.255272505,1.593286067,0.43964843,,0.076103263,0.027598601,2.94042E-12,0.035843315,0.455325999
1.49013,17.184,10,109.8,1.092,,0.173224158,22.23512426,1,2.04060234,0.038222638,,0.002823501,0.019441465,1.62647E-13,0.100745548,0.176951972
2.08587,5.08013,301,34.6,1.71,,0.319287238,21.70587483,2.478566496,1.539076099,0.23299611,,0.07264802,0.027213981,4.91755E-12,0.031614558,0.280587604
1.98015,1.55551,44,4.4,0.971,,0.29669809,21.19187281,1.643452676,0.643452676,-0.01278077,,0.060256963,0.025834671,7.18203E-13,0.003851846,0.156660853
1.56483,13.9441,315,109.7,1.24,,0.194467164,22.14439049,2.498310554,2.040206628,0.093421685,,0.011578817,0.020416063,5.14631E-12,0.100653619,0.201770861
1.78576,2.06E-09,165,80,0.696,,0.251823091,12.31386722,2.217483944,1.903089987,-0.15739076,,0.037473218,0.023298498,2.69533E-12,0.073350555,0.110544674
1.88559,5.99391,495,66.7,2.452,,0.275447266,21.77771022,2.694605199,1.824125834,0.389520466,,0.04917393,0.024600963,8.08748E-12,0.06112393,0.40501744
2.4288,10.6388,3800,67,2.71,,0.385391754,22.02689264,3.579783597,1.826074803,0.432969291,,0.112841598,0.031688129,6.20908E-11,0.061399719,0.448282801
2.02532,8.28035,419,266,3,,0.306493651,21.91804869,2.622214023,2.424881637,0.477121255,,0.065551175,0.026423996,6.84565E-12,0.244339441,0.496914408
1.82831,2.46604,31500,113.2,0.54,,0.262049835,21.39200012,4.498310554,2.053846427,-0.26760624,,0.042460349,0.023853641,5.14705E-10,0.103871152,0.084384223
2.03975,0.811758,64.2,48,1.266,,0.309576942,20.90942658,1.807535028,1.681241237,0.102433706,,0.067242462,0.026612261,1.04827E-12,0.043933112,0.206130936
2.22623,3.26E-08,148,100,2.625,,0.347570031,13.5132176,2.170261715,2,0.419129308,,0.089099105,0.029045233,2.41755E-12,0.091736456,0.434028709
1.46604,13.5112,57.7,64,3.9,,0.16614582,22.13069392,1.761175813,1.806179974,0.591064607,,0,0.019127167,9.42059E-13,0.058641833,0.647840086
2.09,1.57,1960,210,4.109,,0.320146286,21.19589965,3.292256071,2.322219295,0.613736141,,0.073132082,0.027267864,3.20254E-11,0.192858916,0.682888382
1.96315,4.26707,654,48,0.544,,0.292953484,21.63012977,2.815577748,1.681241237,-0.2644011,,0.058264455,0.025612875,1.06855E-11,0.043933112,0.085055004
2.03408,10.5599,105,56,1.608,,0.30836803,22.02365981,2.021189299,1.748188027,0.206286044,,0.066577902,0.026538286,1.71493E-12,0.051287473,0.263482694
2.25448,3.13819,81.3,9.1,1.7493,,0.353046387,21.49667923,1.910090546,0.959041392,0.242864296,,0.092410185,0.029413806,1.32768E-12,0.008172533,0.287178025
1.76997,5.29373,60.9,27,1.547,,0.247965905,21.72376179,1.784617293,1.431363764,0.189490314,,0.03562253,0.023092489,9.94346E-13,0.024627915,0.253253287
1.99296,2.97084,391,24,2.77,,0.299498582,21.47287926,2.592176757,1.380211242,0.442479769,,0.061758377,0.0260018,6.38814E-12,0.02187003,0.458344513
2.4947,3.74385,7360,34,2.26,,0.397018327,21.57331844,3.866877814,1.531478917,0.354108439,,0.120565497,0.032547914,1.20261E-10,0.031062981,0.372819962
2.03508,4.58954,1780,294,2.1,,0.308581486,21.66176916,3.250420002,2.46834733,0.322219295,,0.066695109,0.026551333,2.90842E-11,0.270079703,0.345988731
2.54386,5.01E-06,60.1,67,2.58,,0.405493206,15.69983773,1.778874472,1.826074803,0.411619706,,0.126327362,0.033189296,9.81275E-13,0.061399719,0.426482426
2.51,0.8,110,260,3.038,,0.399673721,20.90308999,2.041392685,2.414973348,0.48258777,,0.122358755,0.032747531,1.79663E-12,0.23882367,0.503286826
1.98207,1.37301,150,185.5,1.9685,,0.297118988,21.1376737,2.176091259,2.268343914,0.294135419,,0.060481999,0.025859721,2.45023E-12,0.170336186,0.323936812
2.102,4.96658,153,10,0.5295,,0.322632712,21.69605744,2.184691431,1,-0.276134036,,0.074538559,0.027424426,2.49925E-12,0.008999899,0.082623424
2.13864,3.23856,577,280,1.692,,0.330137685,21.51035195,2.761175813,2.447158031,0.228400359,,0.078833,0.027902462,9.42735E-12,0.257209572,0.27756909
2.00001,1.968944,717,147,2,,0.301032167,21.29423336,2.855519156,2.167317335,0.301029996,,0.062584682,0.026093781,1.17149E-11,0.134943325,0.329219211
1.86248,21.6437,211,128,2.374,,0.270091618,22.33533151,2.324282455,2.10720997,0.375480715,,0.046465291,0.024299451,3.44696E-12,0.117476719,0.391937215
2.11482,2.82355,426,106,3.35,,0.325273409,21.45079548,2.629409599,2.025305865,0.525044807,,0.076041144,0.027591687,6.96003E-12,0.097252227,0.555607727
2.04224,11.4638,209,78,1.505,,0.310106778,22.0593286,2.320146286,1.892094603,0.1775365,,0.067534306,0.026644748,3.41428E-12,0.071511965,0.246210089
1.81617,1.36745,55,34,2.2045,,0.259156498,21.13591146,1.740362689,1.531478917,0.343310103,,0.041037464,0.023695252,8.97941E-13,0.031062981,0.363512879
1.9433,6.27022,50,16.2,2.602,,0.288539851,21.79728278,1.698970004,1.209515015,0.415307292,,0.055937909,0.025353895,8.16242E-13,0.014699528,0.43017172
2.07126,3.61762,35.9,27.1,1.23,,0.316234618,21.55842295,1.555094449,1.432969291,0.089905111,,0.070935635,0.027023367,5.8585E-13,0.024719845,0.200093909
2.03418,24.2029,4960,79,3.036,,0.30838938,22.38386741,3.695481676,1.897627091,0.482301767,,0.066589623,0.026539591,8.1045E-11,0.07243126,0.502951435
1.7467,5.47122,175,20,1.6398,,0.24221832,21.73808418,2.243038049,1.301029996,0.214790882,,0.032895138,0.022788889,2.85873E-12,0.01819285,0.268815401
1.65441,0.297198,89.3,82,1.416,,0.218643146,20.47304588,1.950851459,1.913813852,0.151063253,,0.022078163,0.021584798,1.4584E-12,0.075189145,0.231285216
1.83449,2.07069,1210,60,2.69,,0.263515349,21.31611509,3.08278537,1.77815125,0.42975228,,0.043184684,0.02393427,1.97705E-11,0.054964653,0.444928897
2.03541,3.29518,126,16.2,0.75,,0.308651904,21.51787914,2.100370545,1.209515015,-0.124938737,,0.066733787,0.026555638,2.05807E-12,0.014699528,0.119600215
2.14652,5.81033,366,46,2.433,,0.331734939,21.7642008,2.563481085,1.662757832,0.386142109,,0.079756586,0.028005271,5.97964E-12,0.042094522,0.401831232
1.97674,3.74016,44000,56,1.03,,0.29594955,21.57289018,4.643452676,1.748188027,0.012837225,,0.05985729,0.025790181,7.18953E-10,0.051287473,0.16655487
2.25433,4.90803,203,61,1.51,,0.353017491,21.69090721,2.307496038,1.785329835,0.178976947,,0.092392604,0.029411849,3.31624E-12,0.055883948,0.247048565
1.61029,5.62826,10,34,1.95,,0.206904096,21.75037415,1,1.531478917,0.290034611,,0.016907018,0.021009172,1.62647E-13,0.031062981,0.320834451
1.81426,0.753587,15600,50,0.937,,0.258699526,20.8771334,4.193124598,1.698970004,-0.028260409,,0.0408136,0.023670333,2.54901E-10,0.045771702,0.150959217
2.09352,3.64E-11,150,365,2.4266,,0.320877114,10.56110138,2.176091259,2.562292864,0.384998193,,0.073544649,0.027313789,2.45023E-12,0.335349654,0.400757982
2.46364,7.58457,817,340,2.0858,,0.391577247,21.87993096,2.912222057,2.531478917,0.319272663,,0.116925068,0.03214268,1.33489E-11,0.312367277,0.343607459
1.89838,0.452512,95.9,1.8,0.383,,0.27838315,20.6556301,1.981818607,0.255272505,-0.416801226,,0.050672999,0.024767832,1.56624E-12,0.001461679,0.058056077
1.68343,1.90E-05,69.4,68.7,1.14,,0.226195062,16.2787536,1.84135947,1.836956737,0.056904851,,0.025479491,0.021963417,1.13324E-12,0.06296252,0.185001342
1.67267,0.366707,125,15,0.823,,0.223410268,20.5643192,2.096910013,1.176091259,-0.084600165,,0.024218351,0.021823033,2.04173E-12,0.013596374,0.131841964
1.78089,8.93E-05,522,180,2.692,,0.250637095,16.95085146,2.717670503,2.255272505,0.430075056,,0.036902423,0.02323496,8.52866E-12,0.165280063,0.445264288
2.12626,1.66176,323,225,2.452,,0.327616369,21.2205683,2.509202522,2.352182518,0.389520466,,0.077381985,0.027740942,5.27703E-12,0.206648342,0.40501744
1.59788,0.991799,179,4.2,2.145,,0.203544161,20.99642367,2.252853031,0.62324929,0.331427297,,0.015452487,0.020847261,2.92408E-12,0.003667987,0.353535015
2.04061,1.99743,10,35.7,0.947,,0.309760011,21.30047157,1,1.552668216,-0.023650021,,0.06734326,0.026623482,1.62647E-13,0.032625783,0.152636169
2.17076,8.53108,10,11,2.17,,0.33661181,21.93100401,1,1.041392685,0.336459734,,0.082597668,0.028321526,1.62647E-13,0.009919194,0.357727395
1.64009,1.2966,64.4,0.4,0.457,,0.214867681,21.11280602,1.808885867,-0.397940009,-0.3400838,,0.020399767,0.021397967,1.05154E-12,0.000174666,0.070465522
2.07429,4.3976,243,64,0.92,,0.316869474,21.64321572,2.385606274,1.806179974,-0.036212173,,0.07129077,0.027062899,3.96984E-12,0.058641833,0.148108398
1.79969,3.58E-06,5610,12.2,2.04,,0.255197704,15.55388303,3.748962861,1.086359831,0.309630167,,0.039105903,0.023480241,9.16659E-11,0.011022348,0.335927019
1.97999,36.5193,4,109.2,2.4996,,0.296662997,22.56252244,0.602059991,2.038222638,0.397870516,,0.06023821,0.025832583,6.46078E-14,0.100193971,0.412999732
1.82568,7.81747,159,20.9,0.82,,0.261424658,21.89306622,2.201397124,1.320146286,-0.086186148,,0.042152096,0.023819328,2.59729E-12,0.019020215,0.131338878
2.03312,6.57188,25.3,4.3,2.31,,0.308163013,21.81768962,1.403120521,0.633468456,0.36361198,,0.066465384,0.026525761,4.12647E-13,0.003759917,0.381204722
3.00655,6.34239,0.699,0.47,0.904,,0.478068431,21.80225294,-0.155522824,-0.327902142,-0.04383157,,0.180557574,0.039225932,1.06699E-14,0.000239017,0.145425275
2.18444,4.44549,375,115.6,0.97,,0.33934012,21.64791964,2.574031268,2.062957834,-0.013228266,,0.084201051,0.028500007,6.1267E-12,0.10607746,0.156493158
2.2428,20.9602,510,121.5,2.954,,0.350790547,22.32139542,2.707570176,2.084576278,0.470410491,,0.091041214,0.029261419,8.33258E-12,0.111501301,0.489200429
1.97117,7.54446,261,74.6,0.836,,0.294724081,21.87762816,2.416640507,1.872738827,-0.077793723,,0.05920445,0.02571751,4.26395E-12,0.068386361,0.134022002
1.94468,27.6984,1280,209.5,1.497,,0.288848148,22.44245468,3.10720997,2.321184027,0.1752218,,0.056099654,0.0253719,2.09143E-11,0.192399268,0.244868527
2.20341,7.32362,1.04,47.7,1.165,,0.343095316,21.8647258,0.017033339,1.678518379,0.066325925,,0.086424456,0.028747505,1.62418E-14,0.043657324,0.189193721
2.27617,1.635154,330,460.6,2.3384,,0.357204695,21.21355866,2.51851394,2.663323934,0.368918802,,0.094952391,0.029696792,5.39141E-12,0.423234264,0.385967266
2.08596,2.50592,213,88.4,2.352,,0.319305976,21.3989672,2.328379603,1.946452265,0.371437317,,0.072658568,0.027215155,3.47964E-12,0.081072634,0.388247921
1.91478,42.8659,130,40,3.355,,0.282118883,22.63211195,2.113943352,1.602059991,0.525692525,,0.052595183,0.0249818,2.12343E-12,0.036578751,0.556446203
1.92748,36.8645,1510,71.4,2.088,,0.28498988,22.56660835,3.178976947,1.853698212,0.319730494,,0.054083704,0.025147494,2.46725E-11,0.065444617,0.343976389
9.998,0.451,0.046,0.21,0.827,,0.999913132,20.65417654,-1.337242168,-0.677780705,-0.08249449,,1,0.130442157,0,0,0.132512745
1.65934,1.467448,10,0.76,0.111,,0.219935382,21.16656272,1,-0.119186408,-0.954677021,,0.02265599,0.021649119,1.62647E-13,0.000505612,0.012442984
1.90181,5.66912,1840,81.3,1.314,,0.279167127,21.75351565,3.264817823,1.910090546,0.118595365,,0.051075017,0.024812582,3.00646E-11,0.074545638,0.214180306
2.21817,28.9432,0.099,134,3.44,,0.345994827,22.46154655,-1.004364805,2.127104798,0.536558443,,0.088154422,0.028940076,8.66013E-16,0.122992489,0.570700295
1.82722,3.75E-05,522,40.7,0.758,,0.26179084,16.57403127,2.717670503,1.609594409,-0.120330794,,0.042332594,0.02383942,8.52866E-12,0.037222258,0.120941776
1.99282,0.743722,268,46.2,0.3463,,0.299468073,20.87141063,2.428134794,1.664641976,-0.460547508,,0.061741968,0.025999974,4.37833E-12,0.042278381,0.051901664
1.99824,5.51902,3360,75.3,1.261,,0.300647648,21.74186197,3.526339277,1.876794976,0.100715087,,0.062377226,0.026070688,5.49012E-11,0.069029868,0.20529246
2.00443,31.626,10,8,3.208,,0.301990894,22.50004427,1,0.903089987,0.50623436,,0.063102734,0.026151448,1.62647E-13,0.007161309,0.531795009
1.8948,2.33014,10,5,0.937,,0.277563376,21.36738202,1,0.698970004,-0.028260409,,0.0502534,0.024721124,1.62647E-13,0.004403423,0.150959217
2.13395,6.44944,49.8,19.3,1.8836,,0.329184239,21.80952201,1.697229343,1.285557309,0.274988682,,0.078283302,0.027841272,8.12974E-13,0.017549343,0.30969949
2.18877,3.90147,42.9,171.5,0.703,,0.340200127,21.59122827,1.632457292,2.234264124,-0.153044675,,0.084708555,0.028556499,7.00229E-13,0.157466055,0.11171854
2.11591,10.1577,5670,145.3,0.84,,0.325497191,22.00679538,3.753583059,2.162265614,-0.075720714,,0.076168899,0.027605908,9.26463E-11,0.133380524,0.134692782
2.02393,0.913472,7700,115.3,0.54,,0.306195488,20.96069524,3.886490725,2.061829307,-0.26760624,,0.065388258,0.026405861,1.25816E-10,0.105801671,0.084384223
2.57067,3.34098,300,66.9,1.532,,0.410046329,21.52387388,2.477121255,1.825426118,0.185258765,,0.129469665,0.033539082,4.90121E-12,0.061307789,0.250737859
2.04425,10.2942,1000,115,2.71,,0.310534006,22.0125926,3,2.06069784,0.432969291,,0.067769891,0.026670972,1.63391E-11,0.105525883,0.448282801
2.20484,0.617545,344,10.2,2.3,,0.343377079,20.79066861,2.536558443,1.008600172,0.361727836,,0.086592061,0.028766162,5.62016E-12,0.009183758,0.37952777
2.09345,1.61614,10,66.2,3.43,,0.320862593,21.20847898,1,1.820857989,0.53529412,,0.073536444,0.027312876,1.62647E-13,0.060664283,0.569023343
1.89544,0.325209,6000,108.7,0.13,,0.277710041,20.51216256,3.77815125,2.036229544,-0.886056648,,0.050328412,0.024729474,9.80385E-11,0.099734324,0.015629192
1.61002,6.25383,327,102.2,3.082,,0.206831271,21.79614607,2.514547753,2.009450896,0.488832634,,0.016875372,0.021005649,5.34239E-12,0.093758906,0.510665415
2.02128,5.93387,0.999,79.1,3.8,,0.305626479,21.77333803,-0.000434512,1.898176483,0.579783597,,0.065077661,0.026371287,1.55719E-14,0.072523189,0.631070566
2.1711,9.77306,293,95,2.1357,,0.336679827,21.99003057,2.46686762,1.977723605,0.329540248,,0.082637518,0.028325962,4.78683E-12,0.087139981,0.351975449
1.90677,1.29E-05,35.8,298.2,3.21,,0.28029831,16.11058971,1.553883027,2.474507639,0.506505032,,0.05165636,0.024877295,5.84216E-13,0.273940742,0.5321304
2.1794,35.5534,10,71.1,5.11,,0.338336947,22.55088114,1,1.851869601,0.7084209,,0.083610331,0.028434251,1.62647E-13,0.065168829,0.850751274
2.70163,0.000023234,26,8.5,0.4428,,0.43162587,16.36612399,1.414973348,0.929418926,-0.353792388,,0.14481901,0.035247694,4.24085E-13,0.007620956,0.06808425
2.1317,10.0498,715,275.2,4.9,,0.328726085,22.00215742,2.854306042,2.43964843,0.69019608,,0.078019588,0.027811917,1.16823E-11,0.252796955,0.815535283
2.02719,2.86367,130,28.4,1.51,,0.306894455,21.45692297,2.113943352,1.45331834,0.178976947,,0.065770351,0.026448393,2.12343E-12,0.025914928,0.247048565
1.94118,4.50436,1600,103.1,1.49,,0.288065808,21.65363309,3.204119983,2.013258665,0.173186268,,0.055689431,0.025326236,2.6143E-11,0.094586271,0.243694661
2.08163,24.4198,461,255,3.91,,0.318403538,22.3877421,2.663700925,2.40654018,0.592176757,,0.072151065,0.027158662,7.53193E-12,0.234227195,0.649517038
2.10553,2.71364,406,139.6,3.53,,0.323361434,21.43355223,2.608526034,2.144885418,0.547774705,,0.074952297,0.027470482,6.63324E-12,0.128140542,0.585792863
2.06584,9.34485,6.12E+13,37.2,2.346,,0.315096682,21.97057233,13.78675142,1.57054294,0.370328008,,0.070300376,0.026952653,1,0.034004725,0.387241749
